epoch,iteration,equivar_loss_term_1,equivar_loss_term_2,equivar_loss_term_3,equivar_loss_term_4,equivar_sanity_check,standard_val_loss,loss_diff,grad_norm_equiv,grad_norm_pred,grad_norm_ratio
0,72,0.1160588338971138,0.0552268922328949,0.060827821493148804,0.5241119265556335,0.1160547137260437,0.11019342392683029,0.005865409970283508,0.0,9.99999993922529e-09,0.0
1,144,0.05173468217253685,0.02084953337907791,0.03091343864798546,0.5975378751754761,0.05176297202706337,0.09366390109062195,0.0419292189180851,0.0,9.99999993922529e-09,0.0
2,216,0.017336226999759674,0.006900724954903126,0.01043846644461155,0.6021183729171753,0.01733919233083725,0.07060354202985764,0.05326731503009796,0.0,9.99999993922529e-09,0.0
0,72,0.05249710753560066,0.016192510724067688,0.03633268550038338,0.6920891404151917,0.052525196224451065,0.11020594090223312,0.05770883336663246,0.0,9.99999993922529e-09,0.0
3,288,0.00792022980749607,0.0033464471343904734,0.004578000865876675,0.5780128836631775,0.007924447767436504,0.04685713350772858,0.038936903700232506,0.0,9.99999993922529e-09,0.0
4,360,0.005094888154417276,0.0021862220019102097,0.002908224705606699,0.5708111524581909,0.005094446707516909,0.029630757868289948,0.02453586971387267,0.0,9.99999993922529e-09,0.0
5,432,0.003942095674574375,0.0016468450194224715,0.0022957969922572374,0.5823783874511719,0.003942641895264387,0.01948617212474346,0.015544076450169086,0.0,9.99999993922529e-09,0.0
1,144,0.01769639551639557,0.006971968803554773,0.010700548999011517,0.6046736240386963,0.017672518268227577,0.09368693828582764,0.07599054276943207,0.0,9.99999993922529e-09,0.0
6,504,0.0032347284723073244,0.0011560991406440735,0.0020809234119951725,0.6433050036430359,0.003237022552639246,0.013822904787957668,0.010588176315650344,0.0,9.99999993922529e-09,0.0
7,576,0.0027929579373449087,0.001231087138876319,0.001564526348374784,0.5601662397384644,0.002795613370835781,0.010392872616648674,0.007599914679303765,0.0,9.99999993922529e-09,0.0
8,648,0.002463854616507888,0.0009314648923464119,0.0015313526382669806,0.6215246915817261,0.0024628175888210535,0.008110332302749157,0.005646477686241269,0.0,9.99999993922529e-09,0.0
9,720,0.002207212382927537,0.001027866848744452,0.0011725154472514987,0.531217634677887,0.0022003822959959507,0.006502925418317318,0.004295713035389781,0.0,9.99999993922529e-09,0.0
2,216,0.008009162731468678,0.0027268531266599894,0.005277646705508232,0.6589502692222595,0.008004499599337578,0.07067995518445969,0.06267079245299101,0.0,9.99999993922529e-09,0.0
10,792,0.001986715942621231,0.0009451056830585003,0.0010414544958621264,0.5242063999176025,0.0019865601789206266,0.005289087537676096,0.003302371595054865,0.0,9.99999993922529e-09,0.0
11,864,0.0017912308685481548,0.0007601568941026926,0.0010375173296779394,0.5792170763015747,0.001797674223780632,0.004361877683550119,0.0025706468150019646,0.0,9.99999993922529e-09,0.0
12,936,0.0016131182201206684,0.0008128543850034475,0.0008001374662853777,0.4960160255432129,0.0016129917930811644,0.003616447327658534,0.0020033291075378656,0.0,9.99999993922529e-09,0.0
3,288,0.00511825131252408,0.002205041702836752,0.0029120217077434063,0.5689474940299988,0.005117063410580158,0.04688386619091034,0.04176561487838626,0.0,9.99999993922529e-09,0.0
13,1008,0.001426434377208352,0.0006571477861143649,0.0007685761665925384,0.5388055443763733,0.0014257240109145641,0.0030758653301745653,0.0016494309529662132,0.0,9.99999993922529e-09,0.0
14,1080,0.0012221848592162132,0.0006121427286416292,0.0006117614102549851,0.5005432367324829,0.0012239040806889534,0.0026377469766885042,0.001415562117472291,0.0,9.99999993922529e-09,0.0
15,1152,0.0010290115606039762,0.0006326599977910519,0.0003968621895182878,0.385669469833374,0.0010295221582055092,0.0023727233055979013,0.001343711744993925,0.0,9.99999993922529e-09,0.0
16,1224,0.0008713778806850314,0.0005326552200131118,0.00033875147346407175,0.388749361038208,0.0008714066934771836,0.0021993559785187244,0.001327978097833693,0.0,9.99999993922529e-09,0.0
4,360,0.0039576273411512375,0.0014174380339682102,0.002533340360969305,0.6401143670082092,0.003950778394937515,0.029657848179340363,0.025700220838189125,0.0,9.99999993922529e-09,0.0
17,1296,0.0007468999829143286,0.0005225952481850982,0.00022400794841814786,0.2999128997325897,0.0007466031820513308,0.0020821087528020144,0.0013352087698876858,0.0,9.99999993922529e-09,0.0
18,1368,0.0006573057034984231,0.0004979637451469898,0.00015966425416991115,0.2429034560918808,0.000657627999316901,0.0019288994371891022,0.001271593733690679,0.0,9.99999993922529e-09,0.0
19,1440,0.00059767987113446,0.00044459779746830463,0.00015321539831347764,0.2563459873199463,0.0005978131666779518,0.0016935280291363597,0.0010958481580018997,0.0,9.99999993922529e-09,0.0
5,432,0.003236836986616254,0.001424829475581646,0.001813835115171969,0.5603709816932678,0.003238664474338293,0.01952473819255829,0.016287901205942035,0.0,9.99999993922529e-09,0.0
20,1512,0.0005577215924859047,0.0004292737867217511,0.0001278997224289924,0.22932127118110657,0.0005571735091507435,0.0013831141404807568,0.0008253925479948521,0.0,9.99999993922529e-09,0.0
21,1584,0.0005268550012260675,0.0004362307954579592,9.117215813603252e-05,0.1730465292930603,0.0005274029681459069,0.0011551885399967432,0.0006283335387706757,0.0,9.99999993922529e-09,0.0
22,1656,0.0005005939747206867,0.0004069443675689399,9.44385101320222e-05,0.18864913284778595,0.0005013828631490469,0.0009990286780521274,0.0004984347033314407,0.0,9.99999993922529e-09,0.0
6,504,0.0027941050939261913,0.001261834753677249,0.0015382524579763412,0.5505329370498657,0.00280008721165359,0.013825948350131512,0.01103184325620532,0.0,9.99999993922529e-09,0.0
23,1728,0.0004821055626962334,0.0003994835424236953,8.269387762993574e-05,0.17152293026447296,0.00048217742005363107,0.0008861641981638968,0.0004040586354676634,0.0,9.99999993922529e-09,0.0
24,1800,0.0004682850558310747,0.00039386970456689596,7.360655581578612e-05,0.15717986226081848,0.0004674762603826821,0.0007962545496411622,0.00032796949381008744,0.0,9.99999993922529e-09,0.0
25,1872,0.00045566470362246037,0.00038942997343838215,6.564990326296538e-05,0.14407186210155487,0.00045507989125326276,0.0007264953455887735,0.0002708306419663131,0.0,9.99999993922529e-09,0.0
26,1944,0.0004441741039045155,0.00041267683263868093,3.157267565256916e-05,0.07108015567064285,0.0004442495119292289,0.0006801297422498465,0.00023595563834533095,0.0,9.99999993922529e-09,0.0
7,576,0.0024639933835715055,0.0009337118244729936,0.0015316924545913935,0.6216275691986084,0.002465404337272048,0.010414283722639084,0.007950290339067578,0.0,9.99999993922529e-09,0.0
27,2016,0.00043469457887113094,0.00038450490683317184,5.094469815958291e-05,0.11719383299350739,0.00043544959044083953,0.00061795674264431,0.00018326216377317905,0.0,9.99999993922529e-09,0.0
28,2088,0.00043034041300415993,0.000381855177693069,4.8919373512035236e-05,0.11367334425449371,0.000430774554843083,0.0005695803556591272,0.0001392399426549673,0.0,9.99999993922529e-09,0.0
29,2160,0.0004233584040775895,0.00038755807327106595,3.5747951187659055e-05,0.08443698287010193,0.0004233060171827674,0.0005226557841524482,9.929738007485867e-05,0.0,9.99999993922529e-09,0.0
8,648,0.002201783237978816,0.0008550906786695123,0.0013465231750160456,0.6115574836730957,0.0022016139701008797,0.00811491534113884,0.005913132103160024,0.0,9.99999993922529e-09,0.0
30,2232,0.00041706403135322034,0.00037613336462527514,4.080763756064698e-05,0.09784267097711563,0.00041694100946187973,0.0004911057185381651,7.404168718494475e-05,0.0,9.99999993922529e-09,0.0
31,2304,0.00041080970549955964,0.0003736756625585258,3.701905734487809e-05,0.09011022746562958,0.0004106947162654251,0.000463145668618381,5.233596311882138e-05,0.0,9.99999993922529e-09,0.0
32,2376,0.00041138421511277556,0.0003802095598075539,3.084237323491834e-05,0.07497035712003708,0.00041105193668045104,0.00042190568638034165,1.0521471267566085e-05,0.0,9.99999993922529e-09,0.0
33,2448,0.00041134830098599195,0.0003749496245291084,3.6704164813272655e-05,0.08922674506902695,0.00041165377479046583,0.00040215125773102045,9.197043254971504e-06,0.0,9.99999993922529e-09,0.0
9,720,0.0019822982139885426,0.0009529120288789272,0.0010330525692552328,0.5211362242698669,0.00198596459813416,0.006491569802165031,0.004509271588176489,0.0,9.99999993922529e-09,0.0
34,2520,0.0004074616590514779,0.0003799392725341022,2.778962516458705e-05,0.06820014119148254,0.00040772889042273164,0.0003733681805897504,3.40934784617275e-05,0.0,9.99999993922529e-09,0.0
35,2592,0.00040396174881607294,0.00037354876985773444,3.006904080393724e-05,0.07443352043628693,0.00040361779974773526,0.00038052821764722466,2.3433531168848276e-05,0.0,9.99999993922529e-09,0.0
36,2664,0.0004007423995062709,0.00037136272294446826,2.9272898245835677e-05,0.07304484397172928,0.00040063561755232513,0.00037226767744868994,2.8474722057580948e-05,0.0,9.99999993922529e-09,0.0
10,792,0.0017879516817629337,0.0008750644628889859,0.000914468546397984,0.511458694934845,0.0017895330674946308,0.005270469933748245,0.0034825182519853115,0.0,9.99999993922529e-09,0.0
37,2736,0.00039612152613699436,0.0003740563988685608,2.2188020011526532e-05,0.05601174756884575,0.00039624443161301315,0.0003622263902798295,3.389513585716486e-05,0.0,9.99999993922529e-09,0.0
38,2808,0.0003917032154276967,0.00037230714224278927,1.9300790881970897e-05,0.04927275702357292,0.00039160792948678136,0.00033909737248905003,5.2605842938646674e-05,0.0,9.99999993922529e-09,0.0
39,2880,0.00038798697642050683,0.00036861380795016885,1.9306648027850315e-05,0.04975978657603264,0.00038792044506408274,0.0003468549402896315,4.113203613087535e-05,0.0,9.99999993922529e-09,0.0
11,864,0.0016052636783570051,0.0008007713477127254,0.0008073205244727433,0.5029177069664001,0.0016080918721854687,0.004337382968515158,0.0027321192901581526,0.0,9.99999993922529e-09,0.0
40,2952,0.00038480054354295135,0.00036446572630666196,2.0669207515311427e-05,0.05371268466114998,0.0003851349465548992,0.00032606814056634903,5.8732402976602316e-05,0.0,9.99999993922529e-09,0.0
41,3024,0.0003837738768197596,0.0003638404596131295,2.020008469116874e-05,0.05263400822877884,0.00038404055521823466,0.0003303944831714034,5.33793936483562e-05,0.0,9.99999993922529e-09,0.0
42,3096,0.0003821646678261459,0.0003629311977420002,1.9057868485106155e-05,0.04986690357327461,0.00038198905531316996,0.00031590129947289824,6.626336835324764e-05,0.0,9.99999993922529e-09,0.0
43,3168,0.0003792048373725265,0.0003613860462792218,1.7952925190911628e-05,0.04734235629439354,0.0003793389769271016,0.00031660147942602634,6.260335794650018e-05,0.0,9.99999993922529e-09,0.0
12,936,0.0014166806358844042,0.0006549241952598095,0.0007617364171892405,0.5376871824264526,0.00141666061244905,0.003618328832089901,0.002201648196205497,0.0,9.99999993922529e-09,0.0
44,3240,0.00037773139774799347,0.0003611333668231964,1.6693820725777186e-05,0.044193778187036514,0.0003778271784540266,0.0003127778763882816,6.495352135971189e-05,0.0,9.99999993922529e-09,0.0
45,3312,0.0003772241179831326,0.0003639786154963076,1.3136739653418772e-05,0.034823834896087646,0.0003771153569687158,0.00031440553721040487,6.281858077272773e-05,0.0,9.99999993922529e-09,0.0
46,3384,0.00037700191023759544,0.00036335637560114264,1.366250762657728e-05,0.03623892739415169,0.0003770188777707517,0.00029543443815782666,8.156747207976878e-05,0.0,9.99999993922529e-09,0.0
13,1008,0.001213363604620099,0.0006883172318339348,0.00052583625074476,0.43336713314056396,0.0012141534825786948,0.0030656205490231514,0.0018522569444030523,0.0,9.99999993922529e-09,0.0
47,3456,0.00037545355735346675,0.0003604377852752805,1.4835174624749925e-05,0.03951162099838257,0.0003752729680854827,0.000317770813126117,5.768274422734976e-05,0.0,9.99999993922529e-09,0.0
48,3528,0.00037386376061476767,0.0003624650707934052,1.1585860193008557e-05,0.030988695099949837,0.0003740509273484349,0.0003033350221812725,7.052873843349516e-05,0.0,9.99999993922529e-09,0.0
49,3600,0.0003721712273545563,0.0003581774653866887,1.4380071661435068e-05,0.03863728418946266,0.000372557551600039,0.00029385785455815494,7.831337279640138e-05,0.0,9.99999993922529e-09,0.0
50,3672,0.0003724542912095785,0.00036094716051593423,1.1568602531042416e-05,0.03105962835252285,0.00037251575849950314,0.00030825677094981074,6.419752025976777e-05,0.0,9.99999993922529e-09,0.0
14,1080,0.0010214291978627443,0.0005585256149061024,0.00046470065717585385,0.45494696497917175,0.0010232263011857867,0.002663736930117011,0.0016423077322542667,0.0,9.99999993922529e-09,0.0
51,3744,0.00037163071101531386,0.0003588659455999732,1.2825172234443016e-05,0.03450959920883179,0.00037169113056734204,0.00029532978078350425,7.630093023180962e-05,0.0,9.99999993922529e-09,0.0
52,3816,0.00036987310159020126,0.0003595397574827075,1.0258178008371033e-05,0.027733566239476204,0.0003697979263961315,0.00029389242990873754,7.598067168146372e-05,0.0,9.99999993922529e-09,0.0
53,3888,0.00036840810207650065,0.0003579832846298814,1.067083121597534e-05,0.02896391600370407,0.0003686541167553514,0.0002833150210790336,8.509308099746704e-05,0.0,9.99999993922529e-09,0.0
15,1152,0.0008668070659041405,0.0006595685845240951,0.00020680757006630301,0.23858271539211273,0.0008663761545903981,0.002374326577410102,0.0015075195115059614,0.0,9.99999993922529e-09,0.0
54,3960,0.0003685068222694099,0.00035687070339918137,1.16072224045638e-05,0.031497128307819366,0.00036847792216576636,0.00029395215096883476,7.455467130057514e-05,0.0,9.99999993922529e-09,0.0
55,4032,0.00037231462192721665,0.00035884653334505856,1.3336526535567828e-05,0.03581961989402771,0.0003721830726135522,0.0003064073098357767,6.590731209143996e-05,0.0,9.99999993922529e-09,0.0
56,4104,0.00036907268804498017,0.0003573765861801803,1.1509736395964865e-05,0.031184708699584007,0.0003688863362185657,0.0003011181252077222,6.795456283725798e-05,0.0,9.99999993922529e-09,0.0
16,1224,0.0007436866289936006,0.0004917155019938946,0.0002518789260648191,0.3386850357055664,0.0007435944280587137,0.0021930444054305553,0.0014493577764369547,0.0,9.99999993922529e-09,0.0
57,4176,0.0003665207768790424,0.00035755615681409836,9.008887900563423e-06,0.024578802287578583,0.0003665650438051671,0.0002872843178920448,7.92364589869976e-05,0.0,9.99999993922529e-09,0.0
58,4248,0.00036654999712482095,0.00035541667602956295,1.1129579434054904e-05,0.03036222979426384,0.00036654624273069203,0.0002966391621157527,6.991083500906825e-05,0.0,9.99999993922529e-09,0.0
59,4320,0.00036657339660450816,0.00035591659252531826,1.0756075425888412e-05,0.02934141457080841,0.0003666726697701961,0.0002950187190435827,7.155467756092548e-05,0.0,9.99999993922529e-09,0.0
60,4392,0.0003674340550787747,0.0003586438833735883,8.499372597725596e-06,0.02313106507062912,0.000367143249604851,0.0002956347889266908,7.179926615208387e-05,0.0,9.99999993922529e-09,0.0
17,1296,0.000653544906526804,0.0004751916858367622,0.00017803639639168978,0.2724123001098633,0.000653228082228452,0.0020658608991652727,0.0014123159926384687,0.0,9.99999993922529e-09,0.0
61,4464,0.00036480717244558036,0.0003546264488250017,9.848758054431528e-06,0.026996420696377754,0.00036447521415539086,0.00030001963023096323,6.478754221461713e-05,0.0,9.99999993922529e-09,0.0
62,4536,0.00036322654341347516,0.0003554128925316036,7.704320523771457e-06,0.0212102010846138,0.0003631172003224492,0.0002928854082711041,7.034113514237106e-05,0.0,9.99999993922529e-09,0.0
63,4608,0.00036330867442302406,0.0003541284240782261,8.51923232403351e-06,0.02344837412238121,0.0003626476682256907,0.00028708775062114,7.622092380188406e-05,0.0,9.99999993922529e-09,0.0
18,1368,0.0005956264794804156,0.00043994569568894804,0.0001557691430207342,0.26151713728904724,0.0005957148387096822,0.001914527267217636,0.0013189007877372205,0.0,9.99999993922529e-09,0.0
64,4680,0.00036494992673397064,0.00035702012246474624,7.231205017887987e-06,0.019813695922493935,0.0003642513183876872,0.00028672596090473235,7.82239658292383e-05,0.0,9.99999993922529e-09,0.0
65,4752,0.00036905211163684726,0.000359453319106251,9.577234777680133e-06,0.025950197130441666,0.0003690305456984788,0.00028263506828807294,8.641704334877431e-05,0.0,9.99999993922529e-09,0.0
66,4824,0.00036934419767931104,0.0003600151394493878,9.460925866733305e-06,0.025614777579903603,0.0003694760671351105,0.00028307095635682344,8.627324132248759e-05,0.0,9.99999993922529e-09,0.0
67,4896,0.00036370730958878994,0.00035476518678478897,8.947581591201015e-06,0.024600371718406677,0.0003637127811089158,0.00028229193412698805,8.141537546180189e-05,0.0,9.99999993922529e-09,0.0
19,1440,0.0005559170385822654,0.00042413652408868074,0.00013097152987029403,0.23559121787548065,0.00055510806851089,0.0016747086774557829,0.0011187916388735175,0.0,9.99999993922529e-09,0.0
68,4968,0.0003632510488387197,0.00035455398028716445,9.088322258321568e-06,0.025018706917762756,0.0003636422916315496,0.0002813347091432661,8.191633969545364e-05,0.0,9.99999993922529e-09,0.0
69,5040,0.0003612276923377067,0.00035378403845243156,7.953807653393596e-06,0.02201821096241474,0.00036173785338178277,0.00028044875944033265,8.077893289737403e-05,0.0,9.99999993922529e-09,0.0
70,5112,0.0003611946012824774,0.00035477522760629654,6.571658559550997e-06,0.018193727359175682,0.000361346872523427,0.0002723660145420581,8.882858674041927e-05,0.0,9.99999993922529e-09,0.0
20,1512,0.0005254589486867189,0.00043342565186321735,9.117700392380357e-05,0.17351548373699188,0.0005246026557870209,0.0013971826992928982,0.0008717237506061792,0.0,9.99999993922529e-09,0.0
71,5184,0.0003604860103223473,0.0003535083669703454,7.116614142432809e-06,0.019741171970963478,0.0003606249811127782,0.0002835503255482763,7.693568477407098e-05,0.0,9.99999993922529e-09,0.0
72,5256,0.0003594163281377405,0.0003542754566296935,5.345591034711106e-06,0.014872563071548939,0.00035962104448117316,0.0002831172023434192,7.62991257943213e-05,0.0,9.99999993922529e-09,0.0
73,5328,0.00035859583294950426,0.00035387201933190227,5.0715279940050095e-06,0.014142346568405628,0.00035894353641197085,0.0002705871011130512,8.800873183645308e-05,0.0,9.99999993922529e-09,0.0
74,5400,0.0003584308142308146,0.0003526901127770543,6.087137990107294e-06,0.016982266679406166,0.0003587772371247411,0.0002700519689824432,8.837884524837136e-05,0.0,9.99999993922529e-09,0.0
21,1584,0.000501830130815506,0.00040800421265885234,9.34544368647039e-05,0.18622352182865143,0.0005014586495235562,0.0011482975678518414,0.0006464674370363355,0.0,9.99999993922529e-09,0.0
75,5472,0.00035878506605513394,0.00035308755468577147,5.4983711379463784e-06,0.015324544161558151,0.00035858593764714897,0.00028093543369323015,7.784963236190379e-05,0.0,9.99999993922529e-09,0.0
76,5544,0.0003578450996428728,0.0003520112077239901,5.77192395212478e-06,0.01612921990454197,0.0003577831375878304,0.0002804779214784503,7.736717816442251e-05,0.0,9.99999993922529e-09,0.0
77,5616,0.0003580693737603724,0.00035323805059306324,4.998497388442047e-06,0.013959188014268875,0.0003582365461625159,0.00028892021509818733,6.914915866218507e-05,0.0,9.99999993922529e-09,0.0
22,1656,0.00048203900223597884,0.00041349895764142275,6.768219463992864e-05,0.14040520787239075,0.00048118113772943616,0.0009901266312226653,0.0005080876289866865,0.0,9.99999993922529e-09,0.0
78,5688,0.0003577470488380641,0.00035310754901729524,4.8299793888872955e-06,0.013500723987817764,0.0003579375334084034,0.0002793639141600579,7.838313467800617e-05,0.0,9.99999993922529e-09,0.0
79,5760,0.0003603813238441944,0.000351862923707813,9.222278094966896e-06,0.02558962255716324,0.0003610851999837905,0.0002765240496955812,8.385727414861321e-05,0.0,9.99999993922529e-09,0.0
80,5832,0.00035869638668373227,0.00035293278051540256,5.852986305399099e-06,0.01631692796945572,0.0003587857645470649,0.00027983609470538795,7.886029197834432e-05,0.0,9.99999993922529e-09,0.0
23,1728,0.00046574202133342624,0.0003947540244553238,7.106890552677214e-05,0.1525895744562149,0.00046582292998209596,0.0008762634824961424,0.00041052146116271615,0.0,9.99999993922529e-09,0.0
81,5904,0.0003582020872272551,0.00035245573963038623,5.979601155559067e-06,0.016692906618118286,0.0003584353544283658,0.00027653685538098216,8.166523184627295e-05,0.0,9.99999993922529e-09,0.0
82,5976,0.00035886417026631534,0.0003544653591234237,4.509204700298142e-06,0.01256486214697361,0.00035897456109523773,0.0002755082387011498,8.335593156516552e-05,0.0,9.99999993922529e-09,0.0
83,6048,0.0003585905069485307,0.00035412871511653066,4.558427917800145e-06,0.012711715884506702,0.00035868713166564703,0.0002711692941375077,8.7421212811023e-05,0.0,9.99999993922529e-09,0.0
84,6120,0.00035728272632695735,0.0003519885940477252,5.383314601203892e-06,0.015066958032548428,0.0003573719004634768,0.0002899398095905781,6.734291673637927e-05,0.0,9.99999993922529e-09,0.0
24,1800,0.00045456012594513595,0.0003899550356436521,6.42529921606183e-05,0.1413489133119583,0.0004542080278042704,0.0007966274861246347,0.0003420673601794988,0.0,9.99999993922529e-09,0.0
85,6192,0.0003558316093403846,0.0003519329766277224,4.033378900203388e-06,0.011334758251905441,0.0003559663600753993,0.0002777201298158616,7.811147952452302e-05,0.0,9.99999993922529e-09,0.0
86,6264,0.00035540026146918535,0.0003507734800223261,4.870622433372773e-06,0.013704225420951843,0.00035564409336075187,0.00028335500974208117,7.204525172710419e-05,0.0,9.99999993922529e-09,0.0
87,6336,0.00035620207199826837,0.0003517015720717609,4.6606983232777566e-06,0.013084054924547672,0.00035636225948110223,0.000276920385658741,7.928168633952737e-05,0.0,9.99999993922529e-09,0.0
25,1872,0.00044205167796462774,0.0003969765384681523,4.4871623686049134e-05,0.101505346596241,0.0004418481548782438,0.0007397742592729628,0.00029772258130833507,0.0,9.99999993922529e-09,0.0
88,6408,0.00035594042856246233,0.0003519329475238919,4.248035111231729e-06,0.011934344656765461,0.00035618097172118723,0.0002838738728314638,7.206655573099852e-05,0.0,9.99999993922529e-09,0.0
89,6480,0.0003559350734576583,0.0003521691542118788,3.996987743448699e-06,0.011229225434362888,0.0003561661287676543,0.0002862487453967333,6.968632806092501e-05,0.0,9.99999993922529e-09,0.0
90,6552,0.00035499833757057786,0.0003501458268146962,5.0536923481558915e-06,0.014235418289899826,0.00035519953235052526,0.00027438922552391887,8.060911204665899e-05,0.0,9.99999993922529e-09,0.0
91,6624,0.00035495590418577194,0.0003507218789309263,4.078669007867575e-06,0.011490311473608017,0.0003548005479387939,0.0002890690811909735,6.588682299479842e-05,0.0,9.99999993922529e-09,0.0
26,1944,0.0004327958740759641,0.00039020422264002264,4.1780771425692365e-05,0.09653466194868088,0.0004319849831517786,0.000666651118081063,0.00023385524400509894,0.0,9.99999993922529e-09,0.0
92,6696,0.00035414614831097424,0.0003501728060655296,4.030637683172245e-06,0.01138096209615469,0.00035420345375314355,0.0002893152413889766,6.483090692199767e-05,0.0,9.99999993922529e-09,0.0
93,6768,0.0003547098021954298,0.00035053680767305195,4.094602445547935e-06,0.011543202213943005,0.00035463139647617936,0.0002817222266457975,7.298757554963231e-05,0.0,9.99999993922529e-09,0.0
94,6840,0.0003571139241103083,0.000351405527908355,5.818101271870546e-06,0.016291547566652298,0.0003572236164472997,0.0002755271561909467,8.158676791936159e-05,0.0,9.99999993922529e-09,0.0
27,2016,0.0004257192777004093,0.000381260848371312,4.449641710380092e-05,0.1045181006193161,0.00042575725819915533,0.0005930396146140993,0.00016732033691368997,0.0,9.99999993922529e-09,0.0
95,6912,0.0003566746599972248,0.0003510577080305666,5.173858880880289e-06,0.014505414292216301,0.00035623155417852104,0.0002645941567607224,9.208050323650241e-05,0.0,9.99999993922529e-09,0.0
96,6984,0.0003569546970538795,0.0003507563378661871,5.680378308170475e-06,0.015912996605038643,0.00035643670707941055,0.0002882682019844651,6.868649506941438e-05,0.0,9.99999993922529e-09,0.0
97,7056,0.00035627465695142746,0.0003517756122164428,4.34637058788212e-06,0.012199151329696178,0.00035612197825685143,0.0002769464335869998,7.932822336442769e-05,0.0,9.99999993922529e-09,0.0
28,2088,0.00042323305387981236,0.0003783254069276154,4.468804399948567e-05,0.10558482259511948,0.0004230134654790163,0.0005411799647845328,0.00011794691090472043,0.0,9.99999993922529e-09,0.0
98,7128,0.0003550489491317421,0.00035010039573535323,4.7136049943219405e-06,0.013275555334985256,0.0003548139939084649,0.0002882468397729099,6.680210935883224e-05,0.0,9.99999993922529e-09,0.0
99,7200,0.00035578443203121424,0.00035055982880294323,5.108458026370499e-06,0.014357891865074635,0.0003556682786438614,0.00028508235118351877,7.070208084769547e-05,0.0,9.99999993922529e-09,0.0
100,7272,0.00035831169225275517,0.00035218335688114166,5.803549356642179e-06,0.01619647815823555,0.000357986893504858,0.0002765021927189082,8.180949953384697e-05,0.0,9.99999993922529e-09,0.0
101,7344,0.00035645687603391707,0.0003516622236929834,5.608387255051639e-06,0.01573326252400875,0.00035727061913348734,0.0002735446614678949,8.291221456602216e-05,0.0,9.99999993922529e-09,0.0
29,2160,0.0004148766747675836,0.0003824879531748593,3.19293285429012e-05,0.07695915549993515,0.00041441727080382407,0.0004962964449077845,8.141977014020085e-05,0.0,9.99999993922529e-09,0.0
102,7416,0.0003588352701626718,0.0003528011729940772,5.624026925943326e-06,0.01567256823182106,0.0003584251971915364,0.0002815094485413283,7.73258216213435e-05,0.0,9.99999993922529e-09,0.0
103,7488,0.00035689989454112947,0.00035151909105479717,5.047975719207898e-06,0.014143557287752628,0.00035656706313602626,0.000289684918243438,6.721497629769146e-05,0.0,9.99999993922529e-09,0.0
104,7560,0.00035643295268528163,0.00035372626734897494,2.523101557017071e-06,0.007078556343913078,0.00035624936572276056,0.0002763854863587767,8.004746632650495e-05,0.0,9.99999993922529e-09,0.0
30,2232,0.0004096331540495157,0.00037509913090616465,3.432862649788149e-05,0.08380129188299179,0.00040942776831798255,0.0004684595041908324,5.882635014131665e-05,0.0,9.99999993922529e-09,0.0
105,7632,0.0003565328079275787,0.000352365430444479,3.799322939812555e-06,0.010656007565557957,0.00035616476088762283,0.00029100748361088336,6.552532431669533e-05,0.0,9.99999993922529e-09,0.0
106,7704,0.00035645961179398,0.00035129155730828643,4.871793862548657e-06,0.013666785322129726,0.0003561633639037609,0.0002897457452490926,6.671386654488742e-05,0.0,9.99999993922529e-09,0.0
107,7776,0.0003566365339793265,0.0003514919662848115,5.746433998865541e-06,0.01611240580677986,0.00035723840119317174,0.0002695568255148828,8.707970846444368e-05,0.0,9.99999993922529e-09,0.0
108,7848,0.00035735295386984944,0.00035244066384620965,4.722800440504216e-06,0.013215696439146996,0.00035716345882974565,0.00027302050148136914,8.43324523884803e-05,0.0,9.99999993922529e-09,0.0
31,2304,0.00040507467929273844,0.0003792013740167022,2.580954969744198e-05,0.06371396034955978,0.00040501091280020773,0.00043069181265309453,2.5617133360356092e-05,0.0,9.99999993922529e-09,0.0
109,7920,0.0003570554545149207,0.0003525278880260885,5.386685188568663e-06,0.015085987746715546,0.00035791457048617303,0.0002879653184209019,6.909013609401882e-05,0.0,9.99999993922529e-09,0.0
110,7992,0.0003557216841727495,0.0003515221760608256,4.3449072109069675e-06,0.012214000336825848,0.00035586708690971136,0.0002758488990366459,7.987278513610363e-05,0.0,9.99999993922529e-09,0.0
111,8064,0.0003552030539140105,0.00035095412749797106,4.087224169779802e-06,0.011506401933729649,0.0003550413530319929,0.00027404408319853246,8.115897071547806e-05,0.0,9.99999993922529e-09,0.0
32,2376,0.00040369140333496034,0.0003731294418685138,3.114121136604808e-05,0.0771392211318016,0.0004042706568725407,0.0004141571116633713,1.0465708328410983e-05,0.0,9.99999993922529e-09,0.0
112,8136,0.00035502089303918183,0.00035104574635624886,3.6953558719687862e-06,0.010408546775579453,0.0003547410888131708,0.00027299480279907584,8.202609024010599e-05,0.0,9.99999993922529e-09,0.0
113,8208,0.00035393296275287867,0.0003498360747471452,3.7773927488160552e-06,0.010672320611774921,0.00035361346090212464,0.0002901751722674817,6.375779048539698e-05,0.0,9.99999993922529e-09,0.0
114,8280,0.0003532558912411332,0.0003499278100207448,3.372102810317301e-06,0.009545508772134781,0.00035329992533661425,0.0002627384674269706,9.051742381416261e-05,0.0,9.99999993922529e-09,0.0
115,8352,0.0003532847040332854,0.0003500073216855526,3.170266154484125e-06,0.008973431773483753,0.0003531776019372046,0.0002811014128383249,7.218329119496047e-05,0.0,9.99999993922529e-09,0.0
33,2448,0.00039839083910919726,0.0003744095447473228,2.3505221179220825e-05,0.05899892374873161,0.000397914758650586,0.00039483243017457426,3.558408934623003e-06,0.0,9.99999993922529e-09,0.0
116,8424,0.0003546455700416118,0.00035052053863182664,4.172906301391777e-06,0.011766080744564533,0.0003546934458427131,0.00028013752307742834,7.450804696418345e-05,0.0,9.99999993922529e-09,0.0
117,8496,0.0003534798161126673,0.0003491569950710982,4.073021045769565e-06,0.011522314511239529,0.0003532300179358572,0.00028711732011288404,6.636249599978328e-05,0.0,9.99999993922529e-09,0.0
118,8568,0.00035271464730612934,0.0003496608114801347,2.8733502404065803e-06,0.008146156556904316,0.00035253417445346713,0.0002622954489197582,9.041919838637114e-05,0.0,9.99999993922529e-09,0.0
34,2520,0.0003950143000110984,0.00037343287840485573,2.1239835405140184e-05,0.053768426179885864,0.0003946727083530277,0.0003896841371897608,5.330162821337581e-06,0.0,9.99999993922529e-09,0.0
119,8640,0.0003526829823385924,0.000350862683262676,1.739625986374449e-06,0.004932408686727285,0.00035260230652056634,0.00026758844614960253,8.509453618898988e-05,0.0,9.99999993922529e-09,0.0
120,8712,0.0003521209582686424,0.00034897582372650504,3.2951784305623733e-06,0.009357820264995098,0.0003522709885146469,0.00027348718140274286,7.863377686589956e-05,0.0,9.99999993922529e-09,0.0
121,8784,0.000352387607563287,0.0003493058029562235,3.1633037451683776e-06,0.008976518176496029,0.0003524690982885659,0.0002742055803537369,7.818202720955014e-05,0.0,9.99999993922529e-09,0.0
35,2592,0.0003913327236659825,0.00036570639349520206,2.5475001166341826e-05,0.06509639322757721,0.00039118138374760747,0.00035398025647737086,3.735246718861163e-05,0.0,9.99999993922529e-09,0.0
122,8856,0.0003526516957208514,0.00034959689946845174,2.878812438211753e-06,0.00816309917718172,0.00035247570485807955,0.0002614775439724326,9.117415174841881e-05,0.0,9.99999993922529e-09,0.0
123,8928,0.00035465636756271124,0.0003506889916025102,3.7069378322485136e-06,0.010451900772750378,0.00035439591738395393,0.000266325194388628,8.833117317408323e-05,0.0,9.99999993922529e-09,0.0
124,9000,0.0003538783057592809,0.00034958781907334924,3.6854501104244264e-06,0.01041416171938181,0.0003532732662279159,0.00027083512395620346,8.304318180307746e-05,0.0,9.99999993922529e-09,0.0
125,9072,0.0003550632391124964,0.00035207992186769843,2.904971779571497e-06,0.008181330747902393,0.00035498489160090685,0.00027979290462099016,7.527033449150622e-05,0.0,9.99999993922529e-09,0.0
36,2664,0.00038741639582440257,0.00036527813063003123,2.1828071112395264e-05,0.056341204792261124,0.0003871062071993947,0.0003543177735991776,3.309862222522497e-05,0.0,9.99999993922529e-09,0.0
126,9144,0.00035430234856903553,0.0003507696674205363,3.282782472524559e-06,0.009265221655368805,0.000354052463080734,0.0002617292630020529,9.257308556698263e-05,0.0,9.99999993922529e-09,0.0
127,9216,0.00035292666871100664,0.0003510088426992297,1.854646598076215e-06,0.005254899151623249,0.00035286348429508507,0.0002740734489634633,7.885321974754333e-05,0.0,9.99999993922529e-09,0.0
128,9288,0.00035246514016762376,0.0003495726268738508,2.9532843655033503e-06,0.008378702215850353,0.0003525259089656174,0.00027928207418881357,7.318306597881019e-05,0.0,9.99999993922529e-09,0.0
37,2736,0.0003897090791724622,0.00036539771826937795,2.3557968233944848e-05,0.06044858694076538,0.0003889556974172592,0.0003435507824178785,4.6158296754583716e-05,0.0,9.99999993922529e-09,0.0
129,9360,0.0003573607828002423,0.00035323933116160333,4.141458248341223e-06,0.01158868707716465,0.0003573807771317661,0.0002720640623010695,8.52967204991728e-05,0.0,9.99999993922529e-09,0.0
130,9432,0.00035561079857870936,0.0003513980773277581,4.138063559366856e-06,0.011636167764663696,0.00035553614725358784,0.0002795568434521556,7.605395512655377e-05,0.0,9.99999993922529e-09,0.0
131,9504,0.0003537751908879727,0.00034951994894072413,4.165261998423375e-06,0.011773420497775078,0.0003536852018442005,0.0002660898317117244,8.768535917624831e-05,0.0,9.99999993922529e-09,0.0
132,9576,0.00035231775837019086,0.0003492510295473039,3.0810970201855525e-06,0.008744973689317703,0.0003523321356624365,0.0002740191121120006,7.829864625819027e-05,0.0,9.99999993922529e-09,0.0
38,2808,0.0003970461548306048,0.00037248144508339465,2.479578324710019e-05,0.06244905665516853,0.00039727723924443126,0.0003365537850186229,6.0492369811981916e-05,0.0,9.99999993922529e-09,0.0
133,9648,0.0003510917304083705,0.0003486122004687786,2.552204932726454e-06,0.007269131951034069,0.00035116440267302096,0.00028229280724190176,6.879892316646874e-05,0.0,9.99999993922529e-09,0.0
134,9720,0.00035105471033602953,0.00034930912079289556,1.776806243469764e-06,0.005061192903667688,0.0003510859387461096,0.000284386333078146,6.666837725788355e-05,0.0,9.99999993922529e-09,0.0
135,9792,0.0003513484261929989,0.0003482818719930947,3.0280471037258394e-06,0.00861811451613903,0.00035130992182530463,0.00027491821674630046,7.643020944669843e-05,0.0,9.99999993922529e-09,0.0
39,2880,0.00039438545354641974,0.00036748076672665775,2.739106275839731e-05,0.0694507583975792,0.0003948718367610127,0.0003188932896591723,7.549216388724744e-05,0.0,9.99999993922529e-09,0.0
136,9864,0.00035057702916674316,0.00034818012500181794,2.4251453396573197e-06,0.0069173844531178474,0.0003506052598822862,0.0002801267837639898,7.045024540275335e-05,0.0,9.99999993922529e-09,0.0
137,9936,0.00035093780024908483,0.0003482166794128716,2.7384703571442515e-06,0.007803069893270731,0.00035095514613203704,0.00027921353466808796,7.172426558099687e-05,0.0,9.99999993922529e-09,0.0
138,10008,0.0003499200101941824,0.00034739490365609527,2.7414871510700323e-06,0.007834387011826038,0.0003501363971736282,0.00027137959841638803,7.854041177779436e-05,0.0,9.99999993922529e-09,0.0
40,2952,0.0003882440796587616,0.0003691765305120498,1.9166705897077918e-05,0.04936639592051506,0.0003883432364091277,0.0003135389706585556,7.4705109000206e-05,0.0,9.99999993922529e-09,0.0
139,10080,0.00034974125446751714,0.00034758233232423663,2.2024537429388147e-06,0.006297199986875057,0.0003497847937978804,0.0002841075765900314,6.563367787748575e-05,0.0,9.99999993922529e-09,0.0
140,10152,0.00035004131495952606,0.00034856374259106815,1.505024783909903e-06,0.004299440421164036,0.00035006875987164676,0.0002720612974371761,7.798001752234995e-05,0.0,9.99999993922529e-09,0.0
141,10224,0.0003483756154309958,0.0003455686382949352,2.9860270842618775e-06,0.008571039885282516,0.00034855466219596565,0.0002718753821682185,7.650023326277733e-05,0.0,9.99999993922529e-09,0.0
142,10296,0.00034957105526700616,0.0003462795866653323,3.248965640523238e-06,0.009293883107602596,0.00034952856367453933,0.0002720167103689164,7.755434489808977e-05,0.0,9.99999993922529e-09,0.0
41,3024,0.0003839368000626564,0.0003743252018466592,9.714629413792863e-06,0.025302018970251083,0.00038403982762247324,0.0003134273865725845,7.050941349007189e-05,0.0,9.99999993922529e-09,0.0
143,10368,0.0003485906054265797,0.000345304113579914,3.234006271668477e-06,0.009277109988033772,0.0003485381312202662,0.0002788606216199696,6.972998380661011e-05,0.0,9.99999993922529e-09,0.0
144,10440,0.0003469398943707347,0.0003439869615249336,3.1569011298415717e-06,0.009099011309444904,0.0003471438540145755,0.00026481584063731134,8.212405373342335e-05,0.0,9.99999993922529e-09,0.0
145,10512,0.00034949774271808565,0.0003457535058259964,3.310149395474582e-06,0.00947088934481144,0.00034906365908682346,0.000266819290118292,8.267845259979367e-05,0.0,9.99999993922529e-09,0.0
42,3096,0.00038171844789758325,0.0003624481614679098,1.9201586837880313e-05,0.0503016896545887,0.00038164976285770535,0.00031402555759996176,6.769289029762149e-05,0.0,9.99999993922529e-09,0.0
146,10584,0.000345629989169538,0.0003423659363761544,3.2050404570327373e-06,0.009272770956158638,0.00034557096660137177,0.0002629862865433097,8.264370262622833e-05,0.0,9.99999993922529e-09,0.0
147,10656,0.000348024012055248,0.00034487288212403655,2.9268530852277763e-06,0.00840967521071434,0.00034779973793774843,0.00025688030291348696,9.114370914176106e-05,0.0,9.99999993922529e-09,0.0
148,10728,0.00034323392901569605,0.0003395928943064064,3.6352694223751314e-06,0.01059092115610838,0.0003432281664572656,0.00028224539710208774,6.098853191360831e-05,0.0,9.99999993922529e-09,0.0
149,10800,0.00034394586691632867,0.000340356637025252,3.660159563878551e-06,0.010641363449394703,0.00034401679295115173,0.0002669673413038254,7.697852561250329e-05,0.0,9.99999993922529e-09,0.0
43,3168,0.00037832543603144586,0.0003633700544014573,1.5017367331893183e-05,0.039693258702754974,0.0003783874271903187,0.00031056732404977083,6.775811198167503e-05,0.0,9.99999993922529e-09,0.0
150,10872,0.00034225860144943,0.0003387988545000553,3.7705331124016084e-06,0.011016298085451126,0.00034256940125487745,0.0002663225750438869,7.593602640554309e-05,0.0,9.99999993922529e-09,0.0
151,10944,0.0003436425467953086,0.00034040233003906906,3.1049351036926964e-06,0.009035099297761917,0.0003435072721913457,0.00026036688359454274,8.327566320076585e-05,0.0,9.99999993922529e-09,0.0
152,11016,0.00034122925717383623,0.00033809104934334755,3.157359969918616e-06,0.009252628311514854,0.00034124840749427676,0.0002791335282381624,6.209572893567383e-05,0.0,9.99999993922529e-09,0.0
44,3240,0.00037604154204018414,0.0003631621948443353,1.326944948232267e-05,0.035286251455545425,0.0003764316497836262,0.0003235147160012275,5.252682603895664e-05,0.0,9.99999993922529e-09,0.0
153,11088,0.0003426269977353513,0.0003389244666323066,3.559174729161896e-06,0.010387595742940903,0.00034248363226652145,0.0002730423875618726,6.958461017347872e-05,0.0,9.99999993922529e-09,0.0
154,11160,0.00034191127633675933,0.0003384316514711827,3.7217289445834467e-06,0.010884753428399563,0.0003421533911023289,0.00026737444568425417,7.453683065250516e-05,0.0,9.99999993922529e-09,0.0
155,11232,0.0003409054479561746,0.0003378656110726297,3.062009909626795e-06,0.008981727994978428,0.00034092762507498264,0.000275364174740389,6.554127321578562e-05,0.0,9.99999993922529e-09,0.0
45,3312,0.0003750051255337894,0.00036234885919839144,1.2716007404378615e-05,0.03390798345208168,0.00037506487569771707,0.0003129058750346303,6.20992504991591e-05,0.0,9.99999993922529e-09,0.0
156,11304,0.0003428735362831503,0.0003390750498510897,3.7344134398153983e-06,0.010891200043261051,0.0003428094496484846,0.0002768252161331475,6.604832015000284e-05,0.0,9.99999993922529e-09,0.0
157,11376,0.00034156619221903384,0.0003374132211320102,3.6549836295307614e-06,0.01070034597069025,0.00034106819657608867,0.0002596660633571446,8.190012886188924e-05,0.0,9.99999993922529e-09,0.0
158,11448,0.0003403080627322197,0.0003369562909938395,3.815271156781819e-06,0.01121089793741703,0.00034077157033607364,0.0002712616405915469,6.90464221406728e-05,0.0,9.99999993922529e-09,0.0
159,11520,0.00033844588324427605,0.0003344836295582354,3.7969814457028406e-06,0.0112185413017869,0.00033828060259111226,0.0002622303436510265,7.621553959324956e-05,0.0,9.99999993922529e-09,0.0
46,3384,0.0003733408229891211,0.0003586671664379537,1.4744773579877801e-05,0.039493076503276825,0.00037341195275075734,0.0002940421109087765,7.929871208034456e-05,0.0,9.99999993922529e-09,0.0
160,11592,0.00033905173768289387,0.00033589964732527733,3.0249543669924606e-06,0.008921544067561626,0.00033892461215145886,0.0002609982911963016,7.805344648659229e-05,0.0,9.99999993922529e-09,0.0
161,11664,0.0003392307262402028,0.00033577680005691946,3.5959801607532427e-06,0.010600083507597446,0.0003393727820366621,0.0002728102554101497,6.642047083005309e-05,0.0,9.99999993922529e-09,0.0
162,11736,0.00033704322413541377,0.00033383071422576904,3.659050435089739e-06,0.010856001637876034,0.00033748976420611143,0.00025906399241648614,7.797923171892762e-05,0.0,9.99999993922529e-09,0.0
47,3456,0.00037220478407107294,0.00035736060817725956,1.4888977602822706e-05,0.0400010347366333,0.00037224957486614585,0.0003004231257364154,7.178165833465755e-05,0.0,9.99999993922529e-09,0.0
163,11808,0.00033903075382113457,0.0003351919585838914,3.710159035108518e-06,0.01094310637563467,0.0003389021148905158,0.00025070205447264016,8.832869934849441e-05,0.0,9.99999993922529e-09,0.0
164,11880,0.00033390166936442256,0.0003308075829409063,3.171322987327585e-06,0.009497490711510181,0.00033397891093045473,0.0002596517442725599,7.424992509186268e-05,0.0,9.99999993922529e-09,0.0
165,11952,0.000333451374899596,0.0003305849968455732,3.121925601590192e-06,0.009362179785966873,0.00033370693563483655,0.0002506558084860444,8.279556641355157e-05,0.0,9.99999993922529e-09,0.0
166,12024,0.0003315506037324667,0.000329249887727201,2.1848288724868326e-06,0.0065895309671759605,0.000331434712279588,0.0002741801436059177,5.7370460126549006e-05,0.0,9.99999993922529e-09,0.0
48,3528,0.0003739855019375682,0.00035913160536438227,1.459087070543319e-05,0.039013490080833435,0.00037372246151790023,0.00030233239522203803,7.165310671553016e-05,0.0,9.99999993922529e-09,0.0
167,12096,0.0003317575319670141,0.00032726090284995735,4.1839575715130195e-06,0.012611111626029015,0.0003314448695164174,0.00025386910419911146,7.788842776790261e-05,0.0,9.99999993922529e-09,0.0
168,12168,0.0003294575144536793,0.0003242339298594743,4.382794941193424e-06,0.01330266147851944,0.00032861673389561474,0.0002596510748844594,6.980643956921995e-05,0.0,9.99999993922529e-09,0.0
169,12240,0.00033002893906086683,0.0003257800708524883,4.516792159847682e-06,0.013685633428394794,0.0003302968689240515,0.00025610567536205053,7.39232636988163e-05,0.0,9.99999993922529e-09,0.0
49,3600,0.00038050266448408365,0.00036130601074546576,1.8911197912530042e-05,0.04969925805926323,0.000380217214114964,0.00031152984593063593,6.897281855344772e-05,0.0,9.99999993922529e-09,0.0
170,12312,0.0003272795001976192,0.0003235587209928781,3.833291430055397e-06,0.01171223446726799,0.00032739201560616493,0.0002532616490498185,7.401785114780068e-05,0.0,9.99999993922529e-09,0.0
171,12384,0.00032703939359635115,0.0003227750421501696,4.700534191215411e-06,0.014372550882399082,0.0003274755727034062,0.0002566335315350443,7.040586206130683e-05,0.0,9.99999993922529e-09,0.0
172,12456,0.0003253828617744148,0.00032009524875320494,4.98340159538202e-06,0.01531502977013588,0.00032507863943465054,0.00024882005527615547,7.65628064982593e-05,0.0,9.99999993922529e-09,0.0
50,3672,0.00038952025352045894,0.0003677397617138922,2.167469574487768e-05,0.05564316362142563,0.0003894144610967487,0.0003104628704022616,7.905738311819732e-05,0.0,9.99999993922529e-09,0.0
173,12528,0.00032517724321223795,0.00031985819805413485,4.85357941215625e-06,0.014925491064786911,0.0003247117856517434,0.0002541531284805387,7.102411473169923e-05,0.0,9.99999993922529e-09,0.0
174,12600,0.0003224306274205446,0.00031805920298211277,4.364695996628143e-06,0.013536432757973671,0.0003224239044357091,0.0002509509213268757,7.147970609366894e-05,0.0,9.99999993922529e-09,0.0
175,12672,0.00031953645520843565,0.00031515274895355105,4.486370016820729e-06,0.01403980515897274,0.00031963910441845655,0.00026159966364502907,5.793679156340659e-05,0.0,9.99999993922529e-09,0.0
176,12744,0.0003202795924153179,0.0003150232369080186,4.447600986168254e-06,0.01388618629425764,0.0003194708260707557,0.00024964159820228815,7.063799421302974e-05,0.0,9.99999993922529e-09,0.0
51,3744,0.00038882350781932473,0.0003668550052680075,2.179843431804329e-05,0.05606110021471977,0.0003886534250341356,0.00028548180125653744,0.0001033417065627873,0.0,9.99999993922529e-09,0.0
177,12816,0.0003209160058759153,0.0003176401660311967,2.9819784685969353e-06,0.009291794151067734,0.00032062214449979365,0.0002444144047331065,7.65016011428088e-05,0.0,9.99999993922529e-09,0.0
178,12888,0.00031782296719029546,0.00031370128272101283,4.558290129352827e-06,0.014341778121888638,0.0003182595828548074,0.0002452936605550349,7.252930663526058e-05,0.0,9.99999993922529e-09,0.0
179,12960,0.00031019357265904546,0.0003050573286600411,5.036878519604215e-06,0.016237331554293633,0.00031009421218186617,0.00025655163335613906,5.3641939302906394e-05,0.0,9.99999993922529e-09,0.0
52,3816,0.00038294808473438025,0.00036312860902398825,1.9710210835910402e-05,0.05146832391619682,0.00038283882895484567,0.0002945305313915014,8.841755334287882e-05,0.0,9.99999993922529e-09,0.0
180,13032,0.0003124268841929734,0.0003064321936108172,5.810697984998114e-06,0.018597988411784172,0.0003122428897768259,0.00023996055824682117,7.246632594615221e-05,0.0,9.99999993922529e-09,0.0
181,13104,0.00031108380062505603,0.0003048002254217863,5.662222065438982e-06,0.018201012164354324,0.00031046243384480476,0.00025615139747969806,5.4932403145357966e-05,0.0,9.99999993922529e-09,0.0
182,13176,0.00031225697603076696,0.0003077179135289043,4.620116214937298e-06,0.014795403927564621,0.00031233803019858897,0.0002378174103796482,7.443956565111876e-05,0.0,9.99999993922529e-09,0.0
183,13248,0.000311993935611099,0.0003040819428861141,5.957519078947371e-06,0.019094370305538177,0.00031003946787677705,0.00024643552023917437,6.555841537192464e-05,0.0,9.99999993922529e-09,0.0
53,3888,0.00037660502130165696,0.0003610827843658626,1.5452131265192293e-05,0.041028980165719986,0.0003765349101740867,0.0002975899842567742,7.901503704488277e-05,0.0,9.99999993922529e-09,0.0
184,13320,0.0003088050289079547,0.00030239426996558905,5.921798219787888e-06,0.019175874069333076,0.0003083160554524511,0.0002374940668232739,7.13109620846808e-05,0.0,9.99999993922529e-09,0.0
185,13392,0.0003069876693189144,0.0003031206433661282,4.812809493159875e-06,0.01567702181637287,0.0003079334564972669,0.0002500202681403607,5.69674011785537e-05,0.0,9.99999993922529e-09,0.0
186,13464,0.00030886282911524177,0.00030361683457158506,4.893147888651583e-06,0.015841949731111526,0.0003085099742747843,0.00023927043366711587,6.95923954481259e-05,0.0,9.99999993922529e-09,0.0
54,3960,0.0003732339828275144,0.00036172702675685287,1.1550374438229483e-05,0.030945908278226852,0.00037327740574255586,0.0002848210569936782,8.84129258338362e-05,0.0,9.99999993922529e-09,0.0
187,13536,0.00030237960163503885,0.0002970065688714385,5.197545760893263e-06,0.017188241705298424,0.00030220410553738475,0.00023772793065290898,6.465167098212987e-05,0.0,9.99999993922529e-09,0.0
188,13608,0.0003062269533984363,0.0003019740106537938,5.218065780354664e-06,0.017039306461811066,0.00030719206552021205,0.0002464790013618767,5.974795203655958e-05,0.0,9.99999993922529e-09,0.0
189,13680,0.0002980711869895458,0.00029228749917820096,6.421401849365793e-06,0.02154245786368847,0.00029870891012251377,0.00023218270507641137,6.588848191313446e-05,0.0,9.99999993922529e-09,0.0
55,4032,0.00037552451249212027,0.00036100379657000303,1.4587565601686947e-05,0.03884480521082878,0.0003755913639906794,0.00028329595807008445,9.222855442203581e-05,0.0,9.99999993922529e-09,0.0
190,13752,0.0003001679724548012,0.0002947211323771626,5.226171197136864e-06,0.017410241067409515,0.00029994730721227825,0.00022872566478326917,7.144230767153203e-05,0.0,9.99999993922529e-09,0.0
191,13824,0.0002992333029396832,0.0002936725504696369,6.278437012952054e-06,0.020981043577194214,0.0002999509742949158,0.00023916001373436302,6.007328920532018e-05,0.0,9.99999993922529e-09,0.0
192,13896,0.0002956974785774946,0.0002920196275226772,3.7741260712209623e-06,0.012763038277626038,0.0002957937540486455,0.00022117055777925998,7.452692079823464e-05,0.0,9.99999993922529e-09,0.0
193,13968,0.00029522395925596356,0.00028976716566830873,6.901263077452313e-06,0.02337557263672352,0.00029666844056919217,0.0002372755407122895,5.794841854367405e-05,0.0,9.99999993922529e-09,0.0
56,4104,0.00037075739237479866,0.00036091316724196076,9.83734025794547e-06,0.026532376185059547,0.0003707504947669804,0.00030118643189780414,6.957096047699451e-05,0.0,9.99999993922529e-09,0.0
194,14040,0.0002890824980568141,0.00028285320149734616,6.1325918068178e-06,0.02121325023472309,0.00028898578602820635,0.00022267190797720104,6.641059007961303e-05,0.0,9.99999993922529e-09,0.0
195,14112,0.0002962215803563595,0.00029030052246525884,5.642428732244298e-06,0.019047357141971588,0.0002959429402835667,0.00022751248616259545,6.870909419376403e-05,0.0,9.99999993922529e-09,0.0
196,14184,0.0002890772884711623,0.00028120618662796915,7.281890248123091e-06,0.025189243257045746,0.00028848808142356575,0.00022377565619535744,6.530163227580488e-05,0.0,9.99999993922529e-09,0.0
57,4176,0.00036721015931107104,0.0003589761909097433,8.210134183173068e-06,0.022357525303959846,0.000367186323273927,0.00030305987456813455,6.415028474293649e-05,0.0,9.99999993922529e-09,0.0
197,14256,0.0002875457576010376,0.0002811894519254565,6.770535037503578e-06,0.023545119911432266,0.0002879599924199283,0.00022007134975865483,6.747440784238279e-05,0.0,9.99999993922529e-09,0.0
198,14328,0.0002817853237502277,0.0002748898114077747,6.683038009214215e-06,0.023715928196907043,0.0002815728366840631,0.00022216809156816453,5.961723218206316e-05,0.0,9.99999993922529e-09,0.0
199,14400,0.00028053787536919117,0.00027356541249901056,6.94214668328641e-06,0.02474496141076088,0.00028050754917785525,0.00021961065067443997,6.09272246947512e-05,0.0,9.99999993922529e-09,0.0
200,14472,0.00027111099916510284,0.00026349915424361825,7.972142157086637e-06,0.02940436825156212,0.0002714713045861572,0.00022760147112421691,4.3509528040885925e-05,0.0,9.99999993922529e-09,0.0
58,4248,0.0003663375391624868,0.0003564558573998511,9.920571756083518e-06,0.02707967348396778,0.000366376421879977,0.00030443997820839286,6.189756095409393e-05,0.0,9.99999993922529e-09,0.0
201,14544,0.0002779907372314483,0.0002693775459192693,7.555704996775603e-06,0.027178721502423286,0.0002769332495518029,0.00021792844927404076,6.0062287957407534e-05,0.0,9.99999993922529e-09,0.0
202,14616,0.0002754639135673642,0.0002679459284991026,7.103762982296757e-06,0.02578742429614067,0.0002750496787484735,0.0002265764051117003,4.888750845566392e-05,0.0,9.99999993922529e-09,0.0
203,14688,0.00027519790455698967,0.00026539296959526837,8.600096407462843e-06,0.031249450519680977,0.0002739930641837418,0.00022173965408001095,5.345825047697872e-05,0.0,9.99999993922529e-09,0.0
59,4320,0.00036525176255963743,0.0003557082382030785,9.582805432728492e-06,0.026235446333885193,0.000365291052730754,0.00029711954994127154,6.813221261836588e-05,0.0,9.99999993922529e-09,0.0
204,14760,0.00026067349244840443,0.00025623495457693934,4.68275356979575e-06,0.017963366582989693,0.0002609177026897669,0.0002108550543198362,4.981843812856823e-05,0.0,9.99999993922529e-09,0.0
205,14832,0.00026298745069652796,0.0002566395851317793,5.614169822365511e-06,0.021346859633922577,0.0002622537431307137,0.00020747999951709062,5.550745117943734e-05,0.0,9.99999993922529e-09,0.0
206,14904,0.00025877755251713097,0.00025383796310052276,5.4045103752287105e-06,0.020883964374661446,0.0002592424862086773,0.00020526599837467074,5.351155414246023e-05,0.0,9.99999993922529e-09,0.0
60,4392,0.00036473135696724057,0.00035729719093069434,7.5107186603418086e-06,0.02059190161526203,0.0003648079000413418,0.00029735887073911726,6.737248622812331e-05,0.0,9.99999993922529e-09,0.0
207,14976,0.0002562433364801109,0.0002467890444677323,9.444305760553107e-06,0.03685534745454788,0.0002562333538662642,0.00021750426094513386,3.873907553497702e-05,0.0,9.99999993922529e-09,0.0
208,15048,0.00025015842402353883,0.0002389787696301937,1.0766858395072632e-05,0.04303843528032303,0.0002497456152923405,0.00019919882470276207,5.095959932077676e-05,0.0,9.99999993922529e-09,0.0
209,15120,0.0002402801183052361,0.00023192625667434186,9.328011401521508e-06,0.03881978988647461,0.00024125426716636866,0.00020134891383349895,3.8931204471737146e-05,0.0,9.99999993922529e-09,0.0
210,15192,0.00023835129104554653,0.0002280731569044292,1.0776367162179668e-05,0.04521022364497185,0.00023884951951913536,0.0002046489535132423,3.370233753230423e-05,0.0,9.99999993922529e-09,0.0
61,4464,0.0003636066394392401,0.000357072742190212,6.662262876488967e-06,0.018322216346859932,0.00036373501643538475,0.00028981815557926893,7.378848385997117e-05,0.0,9.99999993922529e-09,0.0
211,15264,0.0002360106591368094,0.0002272409328725189,9.553997188049834e-06,0.040479496121406555,0.00023679493460804224,0.00019219788373447955,4.381277540232986e-05,0.0,9.99999993922529e-09,0.0
212,15336,0.00023119446996133775,0.00021897767146583647,1.0936377293546684e-05,0.0473017543554306,0.00022991404694039375,0.00020631928055081517,2.487518941052258e-05,0.0,9.99999993922529e-09,0.0
213,15408,0.00023278628941625357,0.00022207869915291667,1.192454328702297e-05,0.05122308060526848,0.00023400323698297143,0.00020015962945763022,3.262665995862335e-05,0.0,9.99999993922529e-09,0.0
62,4536,0.0003636455221567303,0.00035905244294553995,4.55974350188626e-06,0.012538633309304714,0.00036361219827085733,0.00029878615168854594,6.485937046818435e-05,0.0,9.99999993922529e-09,0.0
214,15480,0.00022574103786610067,0.00021529459627345204,1.0297270819137339e-05,0.04561339318752289,0.00022559186618309468,0.00018944624753203243,3.629479033406824e-05,0.0,9.99999993922529e-09,0.0
215,15552,0.00023082653933670372,0.00022006349172443151,1.0597722393868025e-05,0.045910075306892395,0.00023066121502779424,0.00019431499822530895,3.651154111139476e-05,0.0,9.99999993922529e-09,0.0
216,15624,0.0002174543624278158,0.00020810053683817387,9.446172043681145e-06,0.04343779385089874,0.000217546708881855,0.00019162826356478035,2.582609886303544e-05,0.0,9.99999993922529e-09,0.0
217,15696,0.00021410148474387825,0.00020510378817562014,1.0488769476069137e-05,0.04898742213845253,0.00021559256128966808,0.00017294537974521518,4.115610499866307e-05,0.0,9.99999993922529e-09,0.0
63,4608,0.0003631499712355435,0.000355224939994514,8.103957043203991e-06,0.022315116599202156,0.0003633289015851915,0.0002996368857566267,6.351308547891676e-05,0.0,9.99999993922529e-09,0.0
218,15768,0.0002204103220719844,0.0002097208343911916,1.0267816833220422e-05,0.0465828962624073,0.00021998865122441202,0.00017702676996123046,4.3383552110753953e-05,0.0,9.99999993922529e-09,0.0
219,15840,0.0002239205059595406,0.00021332228789106011,9.942075848812237e-06,0.04439804330468178,0.00022326436010189354,0.00017664855113252997,4.727195482701063e-05,0.0,9.99999993922529e-09,0.0
220,15912,0.0002136641414836049,0.00020630061044357717,8.434732080786489e-06,0.039474744349718094,0.00021473533706739545,0.00017941018450073898,3.425395698286593e-05,0.0,9.99999993922529e-09,0.0
64,4680,0.00036255185841582716,0.00035608740290626884,6.541318725794554e-06,0.018041938543319702,0.0003626287216320634,0.0002837735810317099,7.877827738411725e-05,0.0,9.99999993922529e-09,0.0
221,15984,0.0002118815027642995,0.00020282097102608532,8.573248123866506e-06,0.040460556745529175,0.00021139421733096242,0.00017020564700942487,4.167585575487465e-05,0.0,9.99999993922529e-09,0.0
222,16056,0.00020906631834805012,0.0001998932712012902,9.75758030108409e-06,0.04666994512081146,0.00020965085423085839,0.00017776890308596194,3.129741526208818e-05,0.0,9.99999993922529e-09,0.0
223,16128,0.0002066943416139111,0.00019820706802420318,9.348133062303532e-06,0.04522465914487839,0.00020755520381499082,0.000171263498486951,3.54308431269601e-05,0.0,9.99999993922529e-09,0.0
65,4752,0.00036158825969323516,0.0003537224547471851,7.85469455877319e-06,0.021722156554460526,0.0003615771420300007,0.0002958468394353986,6.574142025783658e-05,0.0,9.99999993922529e-09,0.0
224,16200,0.00020388391567394137,0.00019660912221297622,8.53886467666598e-06,0.04187895730137825,0.0002051479823421687,0.00017774727893993258,2.613663673400879e-05,0.0,9.99999993922529e-09,0.0
225,16272,0.00020298155141063035,0.00019479022012092173,9.108164704230148e-06,0.04486967623233795,0.00020389838027767837,0.00016827175568323582,3.470979572739452e-05,0.0,9.99999993922529e-09,0.0
226,16344,0.00020598058472387493,0.0001963112154044211,8.841861017572228e-06,0.042923618108034134,0.00020515307551249862,0.00015915866242721677,4.682192229665816e-05,0.0,9.99999993922529e-09,0.0
227,16416,0.0002018579834839329,0.00019483522919472307,7.987571734702215e-06,0.03956829383969307,0.0002028228045674041,0.0001612961495993659,4.056183388456702e-05,0.0,9.99999993922529e-09,0.0
66,4824,0.000360873993486166,0.00035369984107092023,7.179538442869671e-06,0.01989431120455265,0.0003608793776948005,0.00028284420841373503,7.802978507243097e-05,0.0,9.99999993922529e-09,0.0
228,16488,0.00019557644554879516,0.00018885053577832878,8.301580237457529e-06,0.04244455695152283,0.0001971521123778075,0.00016666192095726728,2.891452459152788e-05,0.0,9.99999993922529e-09,0.0
229,16560,0.00019764203170780092,0.00018887294572778046,8.655079000163823e-06,0.04378947615623474,0.00019752801745198667,0.00015698916104156524,4.0652870666235685e-05,0.0,9.99999993922529e-09,0.0
230,16632,0.00019941314531024545,0.0001921776420203969,9.791936463443562e-06,0.04910130426287651,0.00020196958212181926,0.00016583410615567118,3.3579039154574275e-05,0.0,9.99999993922529e-09,0.0
67,4896,0.0003601933713071048,0.0003528954985085875,7.4785880315175746e-06,0.0207621268928051,0.0003603740769904107,0.00029114066273905337,6.905270856805146e-05,0.0,9.99999993922529e-09,0.0
231,16704,0.00019389399676583707,0.00018581366748549044,9.333560228697024e-06,0.04813495650887489,0.00019514722225721925,0.00015789986355230212,3.599413321353495e-05,0.0,9.99999993922529e-09,0.0
232,16776,0.0001991704193642363,0.0001923430390888825,7.940976502140984e-06,0.03986825793981552,0.0002002840192290023,0.00015638716286048293,4.2783256503753364e-05,0.0,9.99999993922529e-09,0.0
233,16848,0.0001931103615788743,0.0001845465158112347,7.921753422124311e-06,0.04101977497339249,0.00019246827287133783,0.00015911446826066822,3.399589331820607e-05,0.0,9.99999993922529e-09,0.0
68,4968,0.0003592889988794923,0.00035213655792176723,7.1248223321163096e-06,0.01982978545129299,0.00035926137934438884,0.0002813831379171461,7.79058609623462e-05,0.0,9.99999993922529e-09,0.0
234,16920,0.0001951435551745817,0.00019032372802030295,5.589001375483349e-06,0.028638994321227074,0.0001959127257578075,0.00015630038978997618,3.884316538460553e-05,0.0,9.99999993922529e-09,0.0
235,16992,0.00018154867575503886,0.00017286953516304493,9.459171451453585e-06,0.0520998053252697,0.000182328702067025,0.0001539459335617721,2.760274219326675e-05,0.0,9.99999993922529e-09,0.0
236,17064,0.00018302146054338664,0.000175926586962305,7.695507520111278e-06,0.04204472526907921,0.00018362209084443748,0.00016048485122155398,2.2536609321832657e-05,0.0,9.99999993922529e-09,0.0
237,17136,0.00020278050214983523,0.0001931448350660503,8.298898137582e-06,0.040923506021499634,0.000201443734113127,0.0001480144856031984,5.476601654663682e-05,0.0,9.99999993922529e-09,0.0
69,5040,0.00035933777689933777,0.0003525230858940631,6.900383141328348e-06,0.019202519208192825,0.0003594234585762024,0.0002793379535432905,7.999982335604727e-05,0.0,9.99999993922529e-09,0.0
238,17208,0.0001884715456981212,0.0001810610992833972,7.70534825278446e-06,0.04088118299841881,0.00018876645481213927,0.0001532391761429608,3.52323695551604e-05,0.0,9.99999993922529e-09,0.0
239,17280,0.00019365691696293652,0.00018519803415983915,8.013876140466891e-06,0.04137968644499779,0.00019321190484333783,0.00014996709069237113,4.368982627056539e-05,0.0,9.99999993922529e-09,0.0
240,17352,0.0001897691108752042,0.00018069148063659668,8.126960892695934e-06,0.04282326251268387,0.000188818434253335,0.00014692518743686378,4.2843923438340425e-05,0.0,9.99999993922529e-09,0.0
70,5112,0.0003593183937482536,0.0003524480271153152,6.9670450102421455e-06,0.0193890742957592,0.00035941507667303085,0.00029247647034935653,6.684192339889705e-05,0.0,9.99999993922529e-09,0.0
241,17424,0.0001847960811574012,0.00017755021690391004,7.05251659383066e-06,0.038161713629961014,0.0001846027298597619,0.0001479329657740891,3.6863115383312106e-05,0.0,9.99999993922529e-09,0.0
242,17496,0.0001772314717527479,0.00016852005501277745,8.170070032065269e-06,0.046095702797174454,0.00017669012595433742,0.00015387465828098357,2.3356813471764326e-05,0.0,9.99999993922529e-09,0.0
243,17568,0.00018954460392706096,0.0001816357544157654,8.093561518762726e-06,0.042697783559560776,0.00018972931138705462,0.00014536768139805645,4.4176922529004514e-05,0.0,9.99999993922529e-09,0.0
244,17640,0.0001852431450970471,0.00017672475951258093,8.151097972586285e-06,0.04399978369474411,0.0001848758547566831,0.0001527746644569561,3.2468480640091e-05,0.0,9.99999993922529e-09,0.0
71,5184,0.00035939589724875987,0.0003524834173731506,6.955899152671918e-06,0.01935388147830963,0.0003594393201638013,0.0002814937906805426,7.790210656821728e-05,0.0,9.99999993922529e-09,0.0
245,17712,0.00017778162145987153,0.00017032491450663656,7.073669166857144e-06,0.039786290377378464,0.00017739858594723046,0.00013955816393718123,3.8223457522690296e-05,0.0,9.99999993922529e-09,0.0
246,17784,0.00018067775818053633,0.00017296697478741407,8.484233148919884e-06,0.04695522040128708,0.00018145120702683926,0.00014098257815930992,3.9695180021226406e-05,0.0,9.99999993922529e-09,0.0
247,17856,0.00017452475731261075,0.00016771626542322338,8.30016506370157e-06,0.04755594581365585,0.00017601643048692495,0.00014721689512953162,2.7307862183079123e-05,0.0,9.99999993922529e-09,0.0
72,5256,0.0003593500587157905,0.00035264884354546666,6.5018075474654324e-06,0.018092738464474678,0.00035915063926950097,0.0002909938630182296,6.83561956975609e-05,0.0,9.99999993922529e-09,0.0
248,17928,0.00018791701586451381,0.00018225188250653446,5.066312041890342e-06,0.02695893496274948,0.0001873181900009513,0.00013621646212413907,5.1700553740374744e-05,0.0,9.99999993922529e-09,0.0
249,18000,0.00018651343998499215,0.0001799138553906232,6.638205832132371e-06,0.035589125007390976,0.00018655206076800823,0.00014162124716676772,4.489219281822443e-05,0.0,9.99999993922529e-09,0.0
250,18072,0.0001735687837935984,0.00016726336616557091,7.898586773080751e-06,0.045504335314035416,0.00017516195657663047,0.0001356906577711925,3.787812602240592e-05,0.0,9.99999993922529e-09,0.0
73,5328,0.0003576008602976799,0.0003520655445754528,5.702893759007566e-06,0.01594720408320427,0.0003577684401534498,0.0002872420009225607,7.035885937511921e-05,0.0,9.99999993922529e-09,0.0
251,18144,0.0001783494808478281,0.00017151514475699514,6.953412594157271e-06,0.03898538276553154,0.00017846855917014182,0.0001412161363987252,3.713334444910288e-05,0.0,9.99999993922529e-09,0.0
252,18216,0.00017845953698270023,0.00017189419304486364,6.738042884535389e-06,0.03775458410382271,0.0001786322391126305,0.00014058424858376384,3.787528839893639e-05,0.0,9.99999993922529e-09,0.0
253,18288,0.000179328431840986,0.00017367498367093503,4.8125361900019925e-06,0.026834940537810326,0.00017848752031568438,0.00013796257553622127,4.136585630476475e-05,0.0,9.99999993922529e-09,0.0
254,18360,0.00018117102445103228,0.0001748761278577149,6.759233656339347e-06,0.0373065210878849,0.00018163536151405424,0.00013681809650734067,4.435292794369161e-05,0.0,9.99999993922529e-09,0.0
74,5400,0.00035719876177608967,0.0003511460963636637,6.054868208593689e-06,0.01695050299167633,0.0003572009736672044,0.0002779161441139877,7.928261766210198e-05,0.0,9.99999993922529e-09,0.0
255,18432,0.00017654351540841162,0.00016873716958798468,7.75013722886797e-06,0.04389681667089462,0.00017648730135988444,0.00013195077190175653,4.45927435066551e-05,0.0,9.99999993922529e-09,0.0
256,18504,0.0001805250212782994,0.00017382370424456894,6.755477443221025e-06,0.03741920739412308,0.00018057918350677937,0.0001391304685967043,4.139455268159509e-05,0.0,9.99999993922529e-09,0.0
257,18576,0.00017875575576908886,0.0001720650034258142,6.803614269301761e-06,0.038058824837207794,0.00017886862042360008,0.00014026445569470525,3.8491300074383616e-05,0.0,9.99999993922529e-09,0.0
75,5472,0.00035696473787538707,0.00035216292599216104,4.701728357758839e-06,0.013171038590371609,0.00035686464980244637,0.00027258892077952623,8.437581709586084e-05,0.0,9.99999993922529e-09,0.0
258,18648,0.0001695638056844473,0.00016121839871630073,7.139495210140012e-06,0.04210258275270462,0.00016835788846947253,0.00014254722918849438,2.7016576495952904e-05,0.0,9.99999993922529e-09,0.0
259,18720,0.00017838223720900714,0.0001704524183878675,7.5429097705637105e-06,0.04228272661566734,0.00017799533088691533,0.0001386764197377488,3.970581747125834e-05,0.0,9.99999993922529e-09,0.0
260,18792,0.00017857574857771397,0.00017155263049062341,6.6605739448277745e-06,0.037296224385499954,0.00017821320216171443,0.00013726975885219872,4.1305989725515246e-05,0.0,9.99999993922529e-09,0.0
261,18864,0.00017657449643593282,0.0001675558160059154,7.987920980667695e-06,0.045235686004161835,0.0001755437406245619,0.00014206915511749685,3.450534131843597e-05,0.0,9.99999993922529e-09,0.0
76,5544,0.00035624729935079813,0.00035315711284056306,3.0872186016495107e-06,0.008665698580443859,0.00035624433076009154,0.00027214750298298895,8.409979636780918e-05,0.0,9.99999993922529e-09,0.0
262,18936,0.00017135770758613944,0.0001656237873248756,6.94251093591447e-06,0.040512364357709885,0.00017256630235351622,0.0001352466206299141,3.6111086956225336e-05,0.0,9.99999993922529e-09,0.0
263,19008,0.00017579604173079133,0.00017018028302118182,8.179076758096926e-06,0.04652329906821251,0.00017835936159826815,0.00013493982260115445,4.0856219129636884e-05,0.0,9.99999993922529e-09,0.0
264,19080,0.00017689565720502287,0.00016893193242140114,6.779512659704778e-06,0.03832275792956352,0.00017571145144756883,0.000141948985401541,3.494667180348188e-05,0.0,9.99999993922529e-09,0.0
77,5616,0.0003560841432772577,0.00035141705302521586,4.755914233101066e-06,0.013355777598917484,0.00035617296816781163,0.0002850650926120579,7.101905066519976e-05,0.0,9.99999993922529e-09,0.0
265,19152,0.00016852107364684343,0.0001617576344870031,7.67036181059666e-06,0.04551304131746292,0.00016942799265962094,0.00013468097313307226,3.3840100513771176e-05,0.0,9.99999993922529e-09,0.0
266,19224,0.00018343765987083316,0.00017549615586176515,7.73283409216674e-06,0.04215281084179878,0.00018322898540645838,0.000127170977066271,5.626668280456215e-05,0.0,9.99999993922529e-09,0.0
267,19296,0.00016867421800270677,0.000160706986207515,6.697704520775005e-06,0.03970557823777199,0.00016740469436626881,0.00012910639634355903,3.956782165914774e-05,0.0,9.99999993922529e-09,0.0
78,5688,0.0003560358891263604,0.00035098352236673236,5.171051270735916e-06,0.014523552730679512,0.000356154574546963,0.00028514774749055505,7.088814163580537e-05,0.0,9.99999993922529e-09,0.0
268,19368,0.00016645825235173106,0.0001600478426553309,6.957570803933777e-06,0.04179518297314644,0.00016700541891623288,0.00013056724856141955,3.5891003790311515e-05,0.0,9.99999993922529e-09,0.0
269,19440,0.0001709973148535937,0.00016293551016133279,6.598118488909677e-06,0.03858383744955063,0.00016953362501226366,0.00013419926108326763,3.679805377032608e-05,0.0,9.99999993922529e-09,0.0
270,19512,0.00017589901108294725,0.00016882184718269855,6.727502295689192e-06,0.03824421763420105,0.00017554934311192483,0.00012578553287312388,5.011347820982337e-05,0.0,9.99999993922529e-09,0.0
271,19584,0.00016727796173654497,0.00016071982099674642,6.443113761633867e-06,0.038515109568834305,0.00016716292884666473,0.00012428255286067724,4.2995408875867724e-05,0.0,9.99999993922529e-09,0.0
79,5760,0.0003560777986422181,0.0003509801463223994,5.028008672525175e-06,0.014120137318968773,0.00035600815317593515,0.00026739638997241855,8.868140866979957e-05,0.0,9.99999993922529e-09,0.0
272,19656,0.00015923884348012507,0.00015220390923786908,6.4103060140041634e-06,0.04025339335203171,0.00015861421707086265,0.00013124577526468784,2.7993068215437233e-05,0.0,9.99999993922529e-09,0.0
273,19728,0.00017170033243019134,0.00016500780475325882,6.906349426571978e-06,0.04022093117237091,0.00017191415827255696,0.00013482349459081888,3.6876837839372456e-05,0.0,9.99999993922529e-09,0.0
274,19800,0.00015924425679259002,0.0001533345930511132,6.146233317849692e-06,0.038593839854002,0.00015948082727845758,0.0001283202727790922,3.092398401349783e-05,0.0,9.99999993922529e-09,0.0
80,5832,0.00035511053283698857,0.0003507246437948197,4.464942321646959e-06,0.012573032639920712,0.00035518957884050906,0.0002862614637706429,6.884906906634569e-05,0.0,9.99999993922529e-09,0.0
275,19872,0.0001605626748641953,0.00015294956392608583,7.424633622576948e-06,0.04623846337199211,0.00016037419845815748,0.00013368765939958394,2.687501546461135e-05,0.0,9.99999993922529e-09,0.0
276,19944,0.00017003972607199103,0.00016374237020500004,6.619208761549089e-06,0.038925137370824814,0.00017036158533301204,0.00012950559903401881,4.053412703797221e-05,0.0,9.99999993922529e-09,0.0
277,20016,0.0001623093558009714,0.00015587464440613985,6.721175395796308e-06,0.041407112032175064,0.00016259582480415702,0.00013494545419234782,2.7363901608623564e-05,0.0,9.99999993922529e-09,0.0
278,20088,0.00015799293760210276,0.00015080746379680932,6.8051417656533886e-06,0.04306971654295921,0.00015761260874569416,0.00013177601795177907,2.621691965032369e-05,0.0,9.99999993922529e-09,0.0
81,5904,0.00035531946923583746,0.00035131280310451984,4.1893208617693745e-06,0.011789961718022823,0.0003555021248757839,0.0002841820823960006,7.113738683983684e-05,0.0,9.99999993922529e-09,0.0
279,20160,0.00017292909615207464,0.00016337833949364722,7.783837645547464e-06,0.045009128749370575,0.00017116217350121588,0.00013156251225154847,4.1366583900526166e-05,0.0,9.99999993922529e-09,0.0
280,20232,0.00016119747306220233,0.00015325317508541048,6.7541545831772964e-06,0.041897282004356384,0.00016000733012333512,0.00013211068289820105,2.9086790164001286e-05,0.0,9.99999993922529e-09,0.0
281,20304,0.00015988474478945136,0.00015339624951593578,6.8438271227933e-06,0.042802076786756516,0.00016024007345549762,0.00012752959446515888,3.235515032429248e-05,0.0,9.99999993922529e-09,0.0
82,5976,0.00035475060576573014,0.0003510883543640375,3.914480203093262e-06,0.011034145019948483,0.00035500284866429865,0.00027052502264268696,8.422558312304318e-05,0.0,9.99999993922529e-09,0.0
282,20376,0.00015672791050747037,0.00014890635793562979,7.72474413679447e-06,0.04928446561098099,0.00015663109661545604,0.00013186660362407565,2.4861306883394718e-05,0.0,9.99999993922529e-09,0.0
283,20448,0.00016777025302872062,0.00016062540817074478,6.288933036557864e-06,0.037483155727386475,0.00016691433847881854,0.00012415421952027828,4.361603350844234e-05,0.0,9.99999993922529e-09,0.0
284,20520,0.00015687569975852966,0.00015136622823774815,4.94288588015479e-06,0.031506288796663284,0.0001563091209391132,0.00012325722491368651,3.361847484484315e-05,0.0,9.99999993922529e-09,0.0
83,6048,0.0003569356049410999,0.0003501686151139438,6.687574568786658e-06,0.018735555931925774,0.00035685618058778346,0.00027723214589059353,7.970345905050635e-05,0.0,9.99999993922529e-09,0.0
285,20592,0.00016673406935296953,0.00016066644457168877,6.577211024705321e-06,0.039444949477910995,0.00016724364832043648,0.00012143917410867289,4.529489524429664e-05,0.0,9.99999993922529e-09,0.0
286,20664,0.0001582956756465137,0.0001508339191786945,6.899964773765532e-06,0.04358633980154991,0.00015773388440720737,0.00011852636089315638,3.976931475335732e-05,0.0,9.99999993922529e-09,0.0
287,20736,0.0001469378621550277,0.0001385518698953092,7.782426109770313e-06,0.052960459142923355,0.00014633429236710072,0.00011957386595895514,2.736399619607255e-05,0.0,9.99999993922529e-09,0.0
288,20808,0.0001589460443938151,0.00015276542399078608,7.659968105144799e-06,0.04818922281265259,0.00016042539209593087,0.00013122281234245747,2.7723232051357627e-05,0.0,9.99999993922529e-09,0.0
84,6120,0.00035814777947962284,0.00035126745933666825,6.867599950055592e-06,0.019174788147211075,0.00035813506110571325,0.0002915693912655115,6.657838821411133e-05,0.0,9.99999993922529e-09,0.0
289,20880,0.00016782822785899043,0.00016121040971484035,6.986575499468017e-06,0.04162684455513954,0.00016819698794279248,0.0001227428438141942,4.508538404479623e-05,0.0,9.99999993922529e-09,0.0
290,20952,0.00015282025560736656,0.00014373974408954382,7.837962584744673e-06,0.05128541216254234,0.000151577711221762,0.000128246916574426,2.4573339032940567e-05,0.0,9.99999993922529e-09,0.0
291,21024,0.00015212765720207244,0.00014593717060051858,6.544740699609974e-06,0.04301854595541954,0.0001524819090263918,0.00011656744754873216,3.556020965334028e-05,0.0,9.99999993922529e-09,0.0
85,6192,0.0003591940039768815,0.00035337888402864337,5.905340003664605e-06,0.016440073028206825,0.0003592842258512974,0.00027744416729547083,8.174983668141067e-05,0.0,9.99999993922529e-09,0.0
292,21096,0.00015560979954898357,0.00014792638830840588,8.269173122243956e-06,0.053137026727199554,0.00015619555779267102,0.0001230172929354012,3.259250661358237e-05,0.0,9.99999993922529e-09,0.0
293,21168,0.00016547185077797621,0.00015675103350076824,6.878462045278866e-06,0.041566263884305954,0.0001636294909985736,0.000126614177133888,3.885767364408821e-05,0.0,9.99999993922529e-09,0.0
294,21240,0.00014638261927757412,0.00013916428724769503,7.670277227589395e-06,0.05239524692296982,0.0001468345581088215,0.00012481807789299637,2.156454138457775e-05,0.0,9.99999993922529e-09,0.0
86,6264,0.00035879379720427096,0.000353357958374545,5.54457164980704e-06,0.015452934429049492,0.0003589025291148573,0.0002915596414823085,6.723415572196245e-05,0.0,9.99999993922529e-09,0.0
295,21312,0.00015080886078067124,0.00014310740516521037,6.574608960363548e-06,0.043592751026153564,0.00014968201867304742,0.00012365228030830622,2.7156580472365022e-05,0.0,9.99999993922529e-09,0.0
296,21384,0.0001570640306454152,0.0001485938992118463,7.928500053822063e-06,0.05047620087862015,0.00015652239380870014,0.00012426053581293672,3.2803494832478464e-05,0.0,9.99999993922529e-09,0.0
297,21456,0.0001553228939883411,0.000148118007928133,6.9775751398992725e-06,0.04492013901472092,0.00015509557852055877,0.00012265877739991993,3.2664116588421166e-05,0.0,9.99999993922529e-09,0.0
298,21528,0.00016179897647816688,0.00015333385090343654,7.692305189266335e-06,0.047539424151182175,0.00016102615336421877,0.00011514312063809484,4.6655855840072036e-05,0.0,9.99999993922529e-09,0.0
87,6336,0.00036036159144714475,0.00035486777778714895,5.638057700707577e-06,0.015645122155547142,0.0003605058300308883,0.0002861986868083477,7.416290463879704e-05,0.0,9.99999993922529e-09,0.0
299,21600,0.00014433386968448758,0.00013804514310322702,6.833025508967694e-06,0.04733852297067642,0.00014487816952168941,0.00011273928976152092,3.159457992296666e-05,0.0,9.99999993922529e-09,0.0
300,21672,0.00015429218183271587,0.00014654557162430137,6.705315172439441e-06,0.043455738574266434,0.00015325089043471962,0.00011869243462570012,3.559974720701575e-05,0.0,9.99999993922529e-09,0.0
301,21744,0.00014685567293781787,0.00014146289322525263,4.830204488825984e-06,0.032888587564229965,0.0001462930958950892,0.00011403349344618618,3.282217949163169e-05,0.0,9.99999993922529e-09,0.0
88,6408,0.00035858521005138755,0.0003534469869919121,5.228824647929287e-06,0.014581412076950073,0.00035867581027559936,0.00027937619597651064,7.92090140748769e-05,0.0,9.99999993922529e-09,0.0
302,21816,0.00015538345905952156,0.00014841798110865057,7.503622782678576e-06,0.04828789457678795,0.0001559216034365818,0.00011252181138843298,4.2861647671088576e-05,0.0,9.99999993922529e-09,0.0
303,21888,0.00015848073235247284,0.00014913197082933038,7.1778567871660925e-06,0.0452888123691082,0.0001563098339829594,0.00011398930655559525,4.449142579687759e-05,0.0,9.99999993922529e-09,0.0
304,21960,0.00014270265819504857,0.0001343175390502438,7.231350537040271e-06,0.05067070201039314,0.00014154889504425228,0.00011438316141720861,2.831949677783996e-05,0.0,9.99999993922529e-09,0.0
305,22032,0.00015000795247033238,0.00014371502038557082,7.778487088216934e-06,0.05185037478804588,0.00015149351384025067,0.00011855107732117176,3.1456875149160624e-05,0.0,9.99999993922529e-09,0.0
89,6480,0.00035793596180155873,0.00035350146936252713,4.4944736146135256e-06,0.012556290253996849,0.00035799594479613006,0.0002752878936007619,8.264806820079684e-05,0.0,9.99999993922529e-09,0.0
306,22104,0.00013805355411022902,0.00013149472943041474,6.408517037925776e-06,0.046417154371738434,0.00013790324737783521,0.00011745352821890265,2.0600025891326368e-05,0.0,9.99999993922529e-09,0.0
307,22176,0.0001544775441288948,0.00014805636601522565,6.40080361336004e-06,0.041432492434978485,0.0001544571714475751,0.00011819785868283361,3.6279685446061194e-05,0.0,9.99999993922529e-09,0.0
308,22248,0.00014098557585384697,0.00013505533570423722,6.6496859290055e-06,0.04716237261891365,0.00014170502254273742,0.00011374664609320462,2.723892976064235e-05,0.0,9.99999993922529e-09,0.0
90,6552,0.0003562708734534681,0.0003514921118039638,5.091199909657007e-06,0.014289848506450653,0.0003565833030734211,0.00027060898719355464,8.566188625991344e-05,0.0,9.99999993922529e-09,0.0
309,22320,0.0001448082475690171,0.0001381527108605951,6.356401172524784e-06,0.0438922680914402,0.0001445091183995828,0.0001120436645578593,3.276458301115781e-05,0.0,9.99999993922529e-09,0.0
310,22392,0.00013656012015417218,0.0001321201416430995,4.773561158799566e-06,0.03495318815112114,0.00013689370825886726,0.00011850582086481154,1.8054299289360642e-05,0.0,9.99999993922529e-09,0.0
311,22464,0.00014633298269473016,0.00014133166405372322,6.231121460587019e-06,0.042578887194395065,0.00014756277960259467,0.00011511996854096651,3.121301415376365e-05,0.0,9.99999993922529e-09,0.0
91,6624,0.00035571487387642264,0.00035203489824198186,3.9687279240752105e-06,0.011156734079122543,0.0003560036129783839,0.0002780203940346837,7.769447984173894e-05,0.0,9.99999993922529e-09,0.0
312,22536,0.0001325765042565763,0.00012636523752007633,6.5799831645563245e-06,0.04962785169482231,0.00013294522068463266,0.00011318679025862366,1.938971399795264e-05,0.0,9.99999993922529e-09,0.0
313,22608,0.00013631454203277826,0.00012955378042533994,6.720241799484938e-06,0.049295905977487564,0.0001362740295007825,0.00011710975377354771,1.9204788259230554e-05,0.0,9.99999993922529e-09,0.0
314,22680,0.00013628556916955858,0.00012766593135893345,7.741818080830853e-06,0.056801687926054,0.0001354077539872378,0.00011328936670906842,2.2996202460490167e-05,0.0,9.99999993922529e-09,0.0
315,22752,0.00014177948469296098,0.000133258115965873,7.072535481711384e-06,0.04988053813576698,0.0001403306523570791,0.00011179585999343544,2.9983624699525535e-05,0.0,9.99999993922529e-09,0.0
92,6696,0.000356070464476943,0.00035157750244252384,4.863624781137332e-06,0.013658779673278332,0.00035644113086164,0.0002833708713296801,7.269959314726293e-05,0.0,9.99999993922529e-09,0.0
316,22824,0.00015829835319891572,0.00015308347065001726,7.054030902509112e-06,0.0445588044822216,0.00016013749700505286,0.00011439776426414028,4.390058893477544e-05,0.0,9.99999993922529e-09,0.0
317,22896,0.0001468979608034715,0.00014121230924502015,6.8121753429295495e-06,0.04637036472558975,0.0001480244827689603,0.00011092595377704129,3.597200702643022e-05,0.0,9.99999993922529e-09,0.0
318,22968,0.0001481704239267856,0.0001407643430866301,7.468363492080243e-06,0.050400473177433014,0.000148232706123963,0.000110537264845334,3.7633159081451595e-05,0.0,9.99999993922529e-09,0.0
93,6768,0.0003546155639924109,0.0003505013883113861,4.5567649067379534e-06,0.012849509716033936,0.00035505814594216645,0.000270723772700876,8.38917912915349e-05,0.0,9.99999993922529e-09,0.0
319,23040,0.00013099308125674725,0.00012578006135299802,6.646287602052325e-06,0.05073382705450058,0.00013242634304333478,0.00011285778600722551,1.8135295249521732e-05,0.0,9.99999993922529e-09,0.0
320,23112,0.00013715882960241288,0.0001290559011977166,7.674561857129447e-06,0.055949751287698746,0.00013673046487383544,0.00011079826799686998,2.6360561605542898e-05,0.0,9.99999993922529e-09,0.0
321,23184,0.00013760007277596742,0.00013099769421387464,6.501639745692955e-06,0.04724683240056038,0.00013749932986684144,0.00010732011287473142,3.0279959901235998e-05,0.0,9.99999993922529e-09,0.0
322,23256,0.000137889088364318,0.00013185979332774878,7.1995818871073425e-06,0.05220906063914299,0.00013905938249081373,0.00010825844219652936,2.9630646167788655e-05,0.0,9.99999993922529e-09,0.0
94,6840,0.0003551724075805396,0.00035048683639615774,4.994488790543983e-06,0.014061756432056427,0.00035548131563700736,0.00027318877982906997,8.198362775146961e-05,0.0,9.99999993922529e-09,0.0
323,23328,0.0001399859320372343,0.0001333831751253456,6.532678526127711e-06,0.046663347631692886,0.0001399158500134945,0.00010931525321211666,3.067067882511765e-05,0.0,9.99999993922529e-09,0.0
324,23400,0.00014248053776100278,0.00013713705993723124,6.463306817749981e-06,0.04535955190658569,0.00014360036584548652,0.00010824914352269843,3.423139423830435e-05,0.0,9.99999993922529e-09,0.0
325,23472,0.00015315246128011495,0.00014489675231743604,6.206796570040751e-06,0.04052426666021347,0.0001511035516159609,0.00010760381701402366,4.554864426609129e-05,0.0,9.99999993922529e-09,0.0
95,6912,0.00035392638528719544,0.00035173940705135465,2.321294687135378e-06,0.006558508146554232,0.00035406069946475327,0.00029086691210977733,6.305947317741811e-05,0.0,9.99999993922529e-09,0.0
326,23544,0.00014893313345964998,0.00014162329898681492,7.21384185453644e-06,0.04843353107571602,0.00014883713447488844,0.00010308349010301754,4.584964335663244e-05,0.0,9.99999993922529e-09,0.0
327,23616,0.00014120808918960392,0.00013352403766475618,7.2285720307263546e-06,0.05118729546666145,0.00014075261424295604,0.00010612244659569114,3.508564259391278e-05,0.0,9.99999993922529e-09,0.0
328,23688,0.0001266634790226817,0.00011911248293472454,6.530901373480447e-06,0.05155697464942932,0.0001256433897651732,0.0001058837806340307,2.0779698388651013e-05,0.0,9.99999993922529e-09,0.0
96,6984,0.0003544266801327467,0.0003502059553284198,4.3830577851622365e-06,0.012366264127194881,0.00035458902129903436,0.0002849037409760058,6.95229391567409e-05,0.0,9.99999993922529e-09,0.0
329,23760,0.00012952988618053496,0.00012353991041891277,6.3964484979806e-06,0.04937821626663208,0.00012993636482860893,0.00010908349941018969,2.044638677034527e-05,0.0,9.99999993922529e-09,0.0
330,23832,0.00013952488370705396,0.00013407044752966613,6.245676559046842e-06,0.04476068168878555,0.00014031612954568118,0.00010711330105550587,3.241158265154809e-05,0.0,9.99999993922529e-09,0.0
331,23904,0.00013375046546570957,0.0001267552434001118,7.261513474077219e-06,0.054287441074848175,0.00013401675096247345,0.00010411153925815597,2.9638926207553595e-05,0.0,9.99999993922529e-09,0.0
332,23976,0.00013328046770766377,0.0001265143946511671,6.218167072802316e-06,0.04665125161409378,0.0001327325589954853,0.0001005344238365069,3.274604387115687e-05,0.0,9.99999993922529e-09,0.0
97,7056,0.00035529074375517666,0.0003516803844831884,3.688153356051771e-06,0.010380370542407036,0.0003553685382939875,0.00028994589229114354,6.534485146403313e-05,0.0,9.99999993922529e-09,0.0
333,24048,0.00015117420116439462,0.00014271988766267896,5.978503395454027e-06,0.03954450041055679,0.0001486983965151012,0.00010435379226692021,4.682040889747441e-05,0.0,9.99999993922529e-09,0.0
334,24120,0.00014272794942371547,0.0001344443007837981,7.0255546233966015e-06,0.049219951033592224,0.0001414698490407318,0.00010837595618795604,3.435199323575944e-05,0.0,9.99999993922529e-09,0.0
335,24192,0.00014001605450175703,0.00013369525549933314,6.741415745636914e-06,0.048144008964300156,0.00014043667761143297,0.0001060261347447522,3.398991975700483e-05,0.0,9.99999993922529e-09,0.0
98,7128,0.0003536851436365396,0.0003501804021652788,3.5526504689187277e-06,0.010044385679066181,0.00035373304854147136,0.0002641094324644655,8.957571117207408e-05,0.0,9.99999993922529e-09,0.0
336,24264,0.0001262450823560357,0.0001197859673993662,6.985836080275476e-06,0.05533112958073616,0.00012677180347964168,0.00010842832853086293,1.7816753825172782e-05,0.0,9.99999993922529e-09,0.0
337,24336,0.00013135396875441074,0.00012406644236762077,6.126706466602627e-06,0.04663917049765587,0.0001301931479247287,9.951322863344103e-05,3.184074012096971e-05,0.0,9.99999993922529e-09,0.0
338,24408,0.00013276709069032222,0.0001250115892617032,7.166285286075436e-06,0.05397230386734009,0.00013217786909081042,9.745846909936517e-05,3.5308621590957046e-05,0.0,9.99999993922529e-09,0.0
339,24480,0.0001352150138700381,0.0001297542912652716,6.44583406028687e-06,0.04766746982932091,0.00013620012032333761,0.00010157596989301965,3.3639043977018446e-05,0.0,9.99999993922529e-09,0.0
99,7200,0.00035333808045834303,0.0003504322958178818,3.115539357168018e-06,0.008817195892333984,0.0003535478317644447,0.0002754966844804585,7.784139597788453e-05,0.0,9.99999993922529e-09,0.0
340,24552,0.00013270502677187324,0.00012651184806600213,6.753023171768291e-06,0.05088363587856293,0.00013326486805453897,0.0001066432087100111,2.606181806186214e-05,0.0,9.99999993922529e-09,0.0
341,24624,0.00012721112580038607,0.00011842726962640882,7.174255642894423e-06,0.056392017751932144,0.00012560152390506119,9.83931531663984e-05,2.8817972633987665e-05,0.0,9.99999993922529e-09,0.0
342,24696,0.00013579265214502811,0.0001305968762608245,6.268543529586168e-06,0.04615921527147293,0.00013686541933566332,9.789312025532126e-05,3.789953188970685e-05,0.0,9.99999993922529e-09,0.0
100,7272,0.00035365461371839046,0.000350340036675334,3.4439960927556967e-06,0.009738028049468994,0.00035378403845243156,0.0002896830555982888,6.397155812010169e-05,0.0,9.99999993922529e-09,0.0
343,24768,0.00014198495773598552,0.00013380710151977837,7.351869044214254e-06,0.05177556350827217,0.0001411589764757082,0.00010170014866162091,4.02848090743646e-05,0.0,9.99999993922529e-09,0.0
344,24840,0.00014811556320637465,0.00014072384510654956,6.11463201494189e-06,0.04128006100654602,0.00014683847257401794,9.743065311340615e-05,5.0684910092968494e-05,0.0,9.99999993922529e-09,0.0
345,24912,0.0001385814102832228,0.0001306434569414705,6.810398190282285e-06,0.049140118062496185,0.0001374538551317528,0.00010469662811374292,3.388478216947988e-05,0.0,9.99999993922529e-09,0.0
101,7344,0.00035426835529506207,0.00035068829311057925,3.478194230410736e-06,0.00981768686324358,0.0003541664918884635,0.00026367054670117795,9.059780859388411e-05,0.0,9.99999993922529e-09,0.0
346,24984,0.00013276698882691562,0.0001287836057599634,6.829177436884493e-06,0.051433444023132324,0.0001356127904728055,0.00010623354319250211,2.653344563441351e-05,0.0,9.99999993922529e-09,0.0
347,25056,0.00012760830577462912,0.00012125130160711706,7.560009180451743e-06,0.0592392235994339,0.0001288113126065582,0.00010130632290383801,2.6301982870791107e-05,0.0,9.99999993922529e-09,0.0
348,25128,0.0001335868873866275,0.00012553087435662746,6.640524588874541e-06,0.049705684185028076,0.0001321713934885338,0.00010332292004022747,3.0263967346400023e-05,0.0,9.99999993922529e-09,0.0
349,25200,0.0001427766983397305,0.0001343319599982351,7.262707185873296e-06,0.05086403340101242,0.0001415946608176455,9.872324153548107e-05,4.4053456804249436e-05,0.0,9.99999993922529e-09,0.0
102,7416,0.00035328621743246913,0.0003495395358186215,3.7585057270916877e-06,0.010638397186994553,0.00035329803358763456,0.0002858593943528831,6.742682307958603e-05,0.0,9.99999993922529e-09,0.0
350,25272,0.00013352587120607495,0.00012588038225658238,6.277559805312194e-06,0.04701028764247894,0.00013215794751886278,9.68301173998043e-05,3.669575380627066e-05,0.0,9.99999993922529e-09,0.0
351,25344,0.00013213555212132633,0.00012384753790684044,6.891203611303354e-06,0.05214858800172806,0.00013073874288238585,0.00010565557022346184,2.647998189786449e-05,0.0,9.99999993922529e-09,0.0
352,25416,0.0001352049584966153,0.00012922059977427125,6.010848665027879e-06,0.044454023241996765,0.00013523144298233092,0.00010513010784052312,3.0074850656092167e-05,0.0,9.99999993922529e-09,0.0
103,7488,0.00035431512515060604,0.0003507790679577738,3.573885805963073e-06,0.010086458176374435,0.0003543529601301998,0.00027115538250654936,8.315974264405668e-05,0.0,9.99999993922529e-09,0.0
353,25488,0.00012500255252234638,0.00011787514813477173,5.754403900937177e-06,0.04603061079978943,0.0001236295502167195,0.00010487312829354778,2.0129424228798598e-05,0.0,9.99999993922529e-09,0.0
354,25560,0.00011677447037072852,0.00011383489618310705,4.810211521544261e-06,0.041188795119524,0.00011864510452141985,9.914305701386184e-05,1.7631413356866688e-05,0.0,9.99999993922529e-09,0.0
355,25632,0.0001370204845443368,0.0001293215318582952,6.2636026996187866e-06,0.045709557831287384,0.0001355851418338716,0.0001012111606542021,3.580932389013469e-05,0.0,9.99999993922529e-09,0.0
356,25704,0.0001235889212694019,0.00011557793186511844,6.85852955939481e-06,0.05549020692706108,0.00012243646779097617,0.0001044612072291784,1.912771404022351e-05,0.0,9.99999993922529e-09,0.0
104,7560,0.00035231688525527716,0.0003492458490654826,3.1283798307413235e-06,0.00887919683009386,0.0003523742198012769,0.00026306716608814895,8.92497191671282e-05,0.0,9.99999993922529e-09,0.0
357,25776,0.00013477870379574597,0.0001276050606975332,6.742418463545619e-06,0.05002213269472122,0.00013434747233986855,0.00010454287257744,3.0235831218305975e-05,0.0,9.99999993922529e-09,0.0
358,25848,0.00011659492156468332,0.00011051791079808027,6.268851848290069e-06,0.053761471062898636,0.00011678675946313888,9.473730460740626e-05,2.185761695727706e-05,0.0,9.99999993922529e-09,0.0
359,25920,0.00012660921493079513,0.00011889975576195866,7.534665201092139e-06,0.05950649082660675,0.000126434417325072,9.436219988856465e-05,3.224701504223049e-05,0.0,9.99999993922529e-09,0.0
105,7632,0.0003525378997437656,0.00034962777863256633,3.0830428840999957e-06,0.008745032362639904,0.0003527108347043395,0.000267499010078609,8.50388896651566e-05,0.0,9.99999993922529e-09,0.0
360,25992,0.000117242663691286,0.00011055915092583746,6.7611958911584225e-06,0.05766347423195839,0.00011732034909073263,0.00010096099867951125,1.628166501177475e-05,0.0,9.99999993922529e-09,0.0
361,26064,0.0001288741477765143,0.00012269083526916802,5.0245175771124195e-06,0.0389847606420517,0.00012771534966304898,9.763738489709795e-05,3.1236762879416347e-05,0.0,9.99999993922529e-09,0.0
362,26136,0.00013064508675597608,0.00012397143291309476,6.587269581359578e-06,0.05041724815964699,0.0001305587065871805,0.00010261443094350398,2.8030655812472105e-05,0.0,9.99999993922529e-09,0.0
106,7704,0.00035297113936394453,0.00034944835351780057,3.420599341552588e-06,0.009690600447356701,0.00035286895581521094,0.00027976336423307657,7.320777513086796e-05,0.0,9.99999993922529e-09,0.0
363,26208,0.0001263688609469682,0.00011720028123818338,7.5182047112321015e-06,0.0594894178211689,0.00012471848458517343,0.00010177367221331224,2.459518873365596e-05,0.0,9.99999993922529e-09,0.0
364,26280,0.00012784122372977436,0.00012116141442675143,7.655488843738567e-06,0.05987810343503952,0.0001288169005420059,9.613385191187263e-05,3.170737181790173e-05,0.0,9.99999993922529e-09,0.0
365,26352,0.00012146138760726899,0.00011406887642806396,6.397297511284705e-06,0.05266505852341652,0.00012046617484884337,9.304194099968299e-05,2.8419446607585996e-05,0.0,9.99999993922529e-09,0.0
366,26424,0.00011871843889821321,0.00011240787716815248,6.948853297217283e-06,0.05852728709578514,0.00011935672955587506,9.349980246042833e-05,2.521863643778488e-05,0.0,9.99999993922529e-09,0.0
107,7776,0.00035281231976114213,0.00034919288009405136,3.4196918932138942e-06,0.009692390449345112,0.00035261258017271757,0.0002861230168491602,6.668930291198194e-05,0.0,9.99999993922529e-09,0.0
367,26496,0.00012092279939679429,0.00011679923045448959,4.523426468949765e-06,0.037404462695121765,0.00012132265692343935,9.923819015966728e-05,2.1684609237127006e-05,0.0,9.99999993922529e-09,0.0
368,26568,0.00012857888941653073,0.00012494160910136998,4.5265487642609514e-06,0.03520170971751213,0.00012946815695613623,9.936847345670685e-05,2.9210415959823877e-05,0.0,9.99999993922529e-09,0.0
369,26640,0.00012869853526353836,0.00012189812696306035,5.9253952713334e-06,0.04603731632232666,0.00012782352860085666,9.863053128356114e-05,3.006800397997722e-05,0.0,9.99999993922529e-09,0.0
108,7848,0.00035348650999367237,0.000350506859831512,2.8604836188605987e-06,0.008091971278190613,0.00035336732980795205,0.00027019577100872993,8.329073898494244e-05,0.0,9.99999993922529e-09,0.0
370,26712,0.00012553467240650207,0.0001193864009110257,6.4492414821870625e-06,0.05137009546160698,0.00012583564966917038,9.342722478322685e-05,3.210744762327522e-05,0.0,9.99999993922529e-09,0.0
371,26784,0.00013865341315977275,0.00013025736552663147,6.534033218486002e-06,0.04712153971195221,0.00013679139374289662,9.686342673376203e-05,4.178998642601073e-05,0.0,9.99999993922529e-09,0.0
372,26856,0.0001209905676660128,0.0001142411056207493,6.4342657424276695e-06,0.05317550152540207,0.00012067537318216637,0.00010129130532732233,1.969926233869046e-05,0.0,9.99999993922529e-09,0.0
109,7920,0.00035208932240493596,0.0003492002433631569,2.887877371904324e-06,0.008201882243156433,0.00035208812914788723,0.0002831398160196841,6.894950638525188e-05,0.0,9.99999993922529e-09,0.0
373,26928,0.0001236845855601132,0.00011531508062034845,6.685660537186777e-06,0.054049745202064514,0.00012200073979329318,9.940966992871836e-05,2.4274915631394833e-05,0.0,9.99999993922529e-09,0.0
374,27000,0.00012297161447349936,0.00011723610805347562,5.841478014190216e-06,0.04749879240989685,0.00012307758152019233,9.403320291312411e-05,2.8938411560375243e-05,0.0,9.99999993922529e-09,0.0
375,27072,0.00012667990813497454,0.00012157278251834214,6.919432507856982e-06,0.054617077112197876,0.00012849221820943058,9.856082033365965e-05,2.811908780131489e-05,0.0,9.99999993922529e-09,0.0
376,27144,0.00012387539027258754,0.00011859068035846576,6.86708608554909e-06,0.05543095991015434,0.00012545776553452015,9.886964107863605e-05,2.5005749193951488e-05,0.0,9.99999993922529e-09,0.0
110,7992,0.00035227485932409763,0.000349386187735945,2.8787428618670674e-06,0.008171633817255497,0.0003522649349179119,0.0002699677424971014,8.230711682699621e-05,0.0,9.99999993922529e-09,0.0
377,27216,0.00012944749323651195,0.0001217437966261059,5.967136530671269e-06,0.0460934042930603,0.00012771092588081956,9.925457561621442e-05,3.019291762029752e-05,0.0,9.99999993922529e-09,0.0
378,27288,0.00012031666119582951,0.00011183030437678099,6.964740805415204e-06,0.05788194388151169,0.00011879504745593295,8.90498049557209e-05,3.126685624010861e-05,0.0,9.99999993922529e-09,0.0
379,27360,0.00012151400733273476,0.00011598865239648148,6.014980499458034e-06,0.049496233463287354,0.00012200363562442362,9.21235405257903e-05,2.939046680694446e-05,0.0,9.99999993922529e-09,0.0
111,8064,0.00035157499951310456,0.00034894028794951737,2.7085425244877115e-06,0.0077038053423166275,0.0003516488359309733,0.0002719574549701065,7.961754454299808e-05,0.0,9.99999993922529e-09,0.0
380,27432,0.00012452807277441025,0.0001172994016087614,6.534180101880338e-06,0.052467331290245056,0.00012383358262013644,9.231043804902583e-05,3.2217634725384414e-05,0.0,9.99999993922529e-09,0.0
381,27504,0.0001273628295166418,0.00012070189404767007,6.413607479771599e-06,0.0503530278801918,0.00012711550516542047,9.448835771763697e-05,3.287447179900482e-05,0.0,9.99999993922529e-09,0.0
382,27576,0.00013075773313175887,0.00012264313409104943,6.734567705279915e-06,0.05150022730231285,0.0001293777022510767,9.343903366243467e-05,3.73186994693242e-05,0.0,9.99999993922529e-09,0.0
383,27648,0.00011738510511349887,0.00011097785318270326,5.768418759544147e-06,0.04913679137825966,0.00011674626875901595,9.783842688193545e-05,1.954667823156342e-05,0.0,9.99999993922529e-09,0.0
112,8136,0.0003513593983370811,0.00034850958036258817,2.87770035356516e-06,0.008189956657588482,0.0003513872798066586,0.00026952128973789513,8.183810859918594e-05,0.0,9.99999993922529e-09,0.0
384,27720,0.00012045881157973781,0.00011151081707794219,7.4352105912112165e-06,0.06171896681189537,0.00011894603085238487,9.191268327413127e-05,2.8546128305606544e-05,0.0,9.99999993922529e-09,0.0
385,27792,0.00013564786058850586,0.00012834978406317532,6.369614311552141e-06,0.04695352166891098,0.00013471940474119037,9.2953399871476e-05,4.269446071702987e-05,0.0,9.99999993922529e-09,0.0
386,27864,0.00011399778304621577,0.00010740103607531637,6.65142488287529e-06,0.058341849595308304,0.00011405246186768636,9.58742166403681e-05,1.812356640584767e-05,0.0,9.99999993922529e-09,0.0
113,8208,0.0003513041592668742,0.0003485472407191992,2.9200123208283912e-06,0.008311684243381023,0.00035146725713275373,0.0002712077694013715,8.009638986550272e-05,0.0,9.99999993922529e-09,0.0
387,27936,0.00012135409633629024,0.00011443569383118302,6.8146664489177056e-06,0.05615059658885002,0.00012125036300858483,8.967460598796606e-05,3.167949034832418e-05,0.0,9.99999993922529e-09,0.0
388,28008,0.0001212703064084053,0.00011497171362861991,6.926965397724416e-06,0.057115338742733,0.00012189867993583903,9.670454892329872e-05,2.4565757485106587e-05,0.0,9.99999993922529e-09,0.0
389,28080,0.0001202404746436514,0.00011193964746780694,6.902973836986348e-06,0.05740496143698692,0.00011884262494277209,9.152227721642703e-05,2.8718197427224368e-05,0.0,9.99999993922529e-09,0.0
114,8280,0.0003520035825204104,0.0003490889794193208,2.927723016910022e-06,0.008317073807120323,0.0003520167083479464,0.0002701635239645839,8.184005855582654e-05,0.0,9.99999993922529e-09,0.0
390,28152,0.0001250784407602623,0.00011925018043257296,5.961948318145005e-06,0.04766186699271202,0.00012521212920546532,9.18972073122859e-05,3.318123344797641e-05,0.0,9.99999993922529e-09,0.0
391,28224,0.0001387659867759794,0.0001313390239374712,6.4124528762476984e-06,0.04620722308754921,0.00013775147090200335,9.565382060827687e-05,4.3112166167702526e-05,0.0,9.99999993922529e-09,0.0
392,28296,0.00011627869389485568,0.00010968599963234738,6.496381502074655e-06,0.05586425960063934,0.00011618238204391673,9.580705227563158e-05,2.04716416192241e-05,0.0,9.99999993922529e-09,0.0
393,28368,0.00011580112186493352,0.00010754616232588887,6.563648184965132e-06,0.05667545646429062,0.00011410981096560135,9.39261881285347e-05,2.1874933736398816e-05,0.0,9.99999993922529e-09,0.0
115,8352,0.00035023957025259733,0.00034699239768087864,3.286831997684203e-06,0.009384256787598133,0.00035027923877350986,0.0002609312650747597,8.930830517783761e-05,0.0,9.99999993922529e-09,0.0
394,28440,0.00011094438377767801,0.0001054508175002411,4.560147772281198e-06,0.04109930247068405,0.00011001096572726965,8.895739301806316e-05,2.1986990759614855e-05,0.0,9.99999993922529e-09,0.0
395,28512,0.00012226638500578701,0.00011386407277313992,5.911504558753222e-06,0.04834543168544769,0.00011977557733189315,8.870152669260278e-05,3.356485831318423e-05,0.0,9.99999993922529e-09,0.0
396,28584,0.00011878665827680379,0.000110109947854653,7.193187684606528e-06,0.060550421476364136,0.00011730313417501748,8.969337795861065e-05,2.9093280318193138e-05,0.0,9.99999993922529e-09,0.0
116,8424,0.0003509747621137649,0.00034786801552399993,2.9274206099216826e-06,0.008340591564774513,0.0003507954243104905,0.00027011617203243077,8.085859008133411e-05,0.0,9.99999993922529e-09,0.0
397,28656,0.00011922104749828577,0.00011144237942062318,6.541395123349503e-06,0.05486318841576576,0.00011798377090599388,9.47686203289777e-05,2.4452427169308066e-05,0.0,9.99999993922529e-09,0.0
398,28728,0.00012225587852299213,0.00011432085739215836,6.431312613131013e-06,0.05260104313492775,0.00012075217091478407,8.731042908038944e-05,3.4945449442602694e-05,0.0,9.99999993922529e-09,0.0
399,28800,0.00011762511712731794,0.00011130566417705268,5.866289029654581e-06,0.049868520349264145,0.00011717195593519136,8.916549268178642e-05,2.8459624445531517e-05,0.0,9.99999993922529e-09,0.0
117,8496,0.00035049760481342673,0.000347008288372308,3.3586225072212983e-06,0.00958216655999422,0.00035036689951084554,0.0002758277114480734,7.466989336535335e-05,0.0,9.99999993922529e-09,0.0
400,28872,0.0001263075100723654,0.00011743743380066007,7.2723464654700365e-06,0.057571958750486374,0.00012470978253986686,9.047376806847751e-05,3.583374200388789e-05,0.0,9.99999993922529e-09,0.0
401,28944,0.00011818514758488163,0.00011156768596265465,6.245317308639642e-06,0.05283903330564499,0.000117813004180789,8.549776248401031e-05,3.2687385100871325e-05,0.0,9.99999993922529e-09,0.0
402,29016,0.00012200800119899213,0.00011418364010751247,7.1249705797526985e-06,0.058392785489559174,0.00012130860704928637,8.905053255148232e-05,3.295746864750981e-05,0.0,9.99999993922529e-09,0.0
403,29088,0.00011849153088405728,0.00011248588270973414,6.415960342565086e-06,0.05414242669939995,0.00011890184396179393,8.753713336773217e-05,3.0954397516325116e-05,0.0,9.99999993922529e-09,0.0
118,8568,0.00035086923162452877,0.00034825759939849377,2.5887727588269627e-06,0.007377959322184324,0.00035084638511762023,0.0002702871279325336,8.058210369199514e-05,0.0,9.99999993922529e-09,0.0
404,29160,0.00012362013512756675,0.00011702429037541151,6.0900083553860895e-06,0.04925990477204323,0.0001231142960023135,8.883933332981542e-05,3.478080179775134e-05,0.0,9.99999993922529e-09,0.0
405,29232,0.00012105128553230315,0.00011176447878824547,6.210855644894764e-06,0.051303401589393616,0.00011797533079516143,8.829886792227626e-05,3.2752417610026896e-05,0.0,9.99999993922529e-09,0.0
406,29304,0.00011980206181760877,0.00011250223906245083,7.474355697922874e-06,0.06238400191068649,0.0001199765974888578,9.236895857611671e-05,2.7433103241492063e-05,0.0,9.99999993922529e-09,0.0
119,8640,0.0003526055079419166,0.00034931403934024274,3.563146947271889e-06,0.010104906745254993,0.0003528771921992302,0.00027844568830914795,7.415981963276863e-05,0.0,9.99999993922529e-09,0.0
407,29376,0.00011698579328367487,0.00010960601503029466,6.120973012002651e-06,0.052317891269922256,0.0001157269871328026,8.75245823408477e-05,2.9461210942827165e-05,0.0,9.99999993922529e-09,0.0
408,29448,0.00011447827273514122,0.00010735237447079271,7.308304702746682e-06,0.0638345256447792,0.0001146606809925288,9.061035234481096e-05,2.3867920390330255e-05,0.0,9.99999993922529e-09,0.0
409,29520,0.00010632194607751444,0.00010001392365666106,6.637617843807675e-06,0.06242355331778526,0.00010665153968147933,8.829336729831994e-05,1.8028578779194504e-05,0.0,9.99999993922529e-09,0.0
410,29592,0.00011452555190771818,0.00010782266326714307,6.127884262241423e-06,0.05350203067064285,0.0001139505475293845,9.155154111795127e-05,2.2974010789766908e-05,0.0,9.99999993922529e-09,0.0
120,8712,0.00035164656583219767,0.00034823373425751925,3.403139544388978e-06,0.00967745203524828,0.0003516368742566556,0.00028605907573364675,6.558749009855092e-05,0.0,9.99999993922529e-09,0.0
411,29664,0.0001192351192003116,0.00011144686868647113,6.695242518617306e-06,0.05614688992500305,0.00011814211029559374,9.058878640644252e-05,2.8646332793869078e-05,0.0,9.99999993922529e-09,0.0
412,29736,0.00012131623225286603,0.00011495525541249663,6.486315669462783e-06,0.05346177518367767,0.00012144156789872795,8.606896153651178e-05,3.524727071635425e-05,0.0,9.99999993922529e-09,0.0
413,29808,0.00012238086492288858,0.0001159712701337412,6.712079084536526e-06,0.05484134331345558,0.00012268335558474064,8.759776392253116e-05,3.478310100035742e-05,0.0,9.99999993922529e-09,0.0
121,8784,0.0003501388127915561,0.000345289648976177,4.401499609230086e-06,0.012570368126034737,0.00034969113767147064,0.00026534422067925334,8.479459211230278e-05,0.0,9.99999993922529e-09,0.0
414,29880,0.00012006460747215897,0.00011279342288617045,7.169893251557369e-06,0.059711989015340805,0.00011996331886621192,8.965156303020194e-05,3.0413044441957027e-05,0.0,9.99999993922529e-09,0.0
415,29952,0.00011184142204001546,0.00010546053817961365,6.898375431774184e-06,0.06167445704340935,0.00011235891724936664,8.40098800836131e-05,2.783154195640236e-05,0.0,9.99999993922529e-09,0.0
416,30024,0.00011207414354430512,0.00010487461986485869,6.824050615250599e-06,0.060883283615112305,0.00011169866775162518,8.56039478094317e-05,2.6470195734873414e-05,0.0,9.99999993922529e-09,0.0
122,8856,0.0003505666390992701,0.0003460362204350531,4.616158548742533e-06,0.01316733006387949,0.00035065237898379564,0.000272141769528389,7.842486957088113e-05,0.0,9.99999993922529e-09,0.0
417,30096,0.00010647527233231813,0.0001009570260066539,6.339529591059545e-06,0.059534333646297455,0.0001072965533239767,8.799676288617775e-05,1.847850944614038e-05,0.0,9.99999993922529e-09,0.0
418,30168,0.00012555727153085172,0.00011795452883234248,7.010688932496123e-06,0.055832136422395706,0.0001249652123078704,9.122755727730691e-05,3.432971425354481e-05,0.0,9.99999993922529e-09,0.0
419,30240,0.00010893842409132048,0.00010133236355613917,6.432686404878041e-06,0.059043411165475845,0.00010776505223475397,8.823645475786179e-05,2.0701969333458692e-05,0.0,9.99999993922529e-09,0.0
420,30312,0.00011338983313180506,0.0001052368461387232,7.548379471700173e-06,0.06656429171562195,0.00011278522288193926,8.923486893763766e-05,2.4154964194167405e-05,0.0,9.99999993922529e-09,0.0
123,8928,0.000348807341651991,0.00034595627221278846,4.564943083096296e-06,0.013086915016174316,0.00035052120801992714,0.000283984059933573,6.4823281718418e-05,0.0,9.99999993922529e-09,0.0
421,30384,0.00010994731565006077,0.00010174010822083801,7.768457180645783e-06,0.07064975798130035,0.0001095085681299679,8.629508374724537e-05,2.36522319028154e-05,0.0,9.99999993922529e-09,0.0
422,30456,0.00011795976024586707,0.00010963233944494277,6.651454896200448e-06,0.056382711976766586,0.00011628379434114322,8.255332795670256e-05,3.540643228916451e-05,0.0,9.99999993922529e-09,0.0
423,30528,0.0001164822606369853,0.00010921036300715059,6.729713277309202e-06,0.057769618928432465,0.0001159400781034492,8.803916716715321e-05,2.8443093469832093e-05,0.0,9.99999993922529e-09,0.0
124,9000,0.00035316916182637215,0.0003462285967543721,6.5235803958785255e-06,0.018471023067831993,0.0003527521912474185,0.00026036310009658337,9.280606172978878e-05,0.0,9.99999993922529e-09,0.0
424,30600,0.000111667592136655,0.00010378427396062762,7.06685978002497e-06,0.06327912211418152,0.00011085113510489464,8.895822975318879e-05,2.2709362383466214e-05,0.0,9.99999993922529e-09,0.0
425,30672,0.00011966352758463472,0.00011706325312843546,4.55041254099342e-06,0.03802355378866196,0.00012161366612417623,8.19929045974277e-05,3.7670622987207025e-05,0.0,9.99999993922529e-09,0.0
426,30744,0.00010224516881862655,9.501756721874699e-05,6.693415343761444e-06,0.06545796990394592,0.00010171098256250843,8.265196811407804e-05,1.9593200704548508e-05,0.0,9.99999993922529e-09,0.0
427,30816,0.00011677134170895442,0.00010939480853267014,6.688453140668571e-06,0.05727330595254898,0.00011608326167333871,8.48634444992058e-05,3.1907897209748626e-05,0.0,9.99999993922529e-09,0.0
125,9072,0.00035248868516646326,0.00034846560447476804,3.1666140785091557e-06,0.008983335457742214,0.0003516322176437825,0.00027838608366437256,7.410260150209069e-05,0.0,9.99999993922529e-09,0.0
428,30888,0.00011414618347771466,0.00010711618233472109,6.655458037130302e-06,0.05830133706331253,0.00011377163900760934,8.418521611019969e-05,2.9960967367514968e-05,0.0,9.99999993922529e-09,0.0
429,30960,0.00010812589607667178,9.954898268915713e-05,6.900103016960202e-06,0.06380955129861832,0.00010644908616086468,8.134287782013416e-05,2.6783018256537616e-05,0.0,9.99999993922529e-09,0.0
430,31032,0.00010462359932716936,9.75486691459082e-05,7.00795817465405e-06,0.06697617471218109,0.0001045566241373308,8.256112778326496e-05,2.2062471543904394e-05,0.0,9.99999993922529e-09,0.0
126,9144,0.0003514785203151405,0.0003457267885096371,6.254916115722153e-06,0.017795505002141,0.00035198169643990695,0.00026896409690380096,8.251442341133952e-05,0.0,9.99999993922529e-09,0.0
431,31104,0.00010676265810616314,9.786683222046122e-05,6.8099925556452945e-06,0.06378030776977539,0.00010467682295711711,8.427357533946633e-05,2.248908276669681e-05,0.0,9.99999993922529e-09,0.0
432,31176,0.00011911442561540753,0.00011077495582867414,6.915359335835092e-06,0.058051567524671555,0.00011769031698349863,8.427085413131863e-05,3.48435714840889e-05,0.0,9.99999993922529e-09,0.0
433,31248,0.00010545575787546113,0.00010050109267467633,5.037205482949503e-06,0.047761525958776474,0.00010553829633863643,8.381291263503954e-05,2.1642845240421593e-05,0.0,9.99999993922529e-09,0.0
127,9216,0.0003505792119540274,0.00034473068080842495,5.5922478168213274e-06,0.015950998291373253,0.0003503229236230254,0.00027356098871678114,7.701822323724627e-05,0.0,9.99999993922529e-09,0.0
434,31320,0.00010231810301775113,9.459975990466774e-05,6.535835382237565e-06,0.0638713613152504,0.0001011355925584212,8.302320202346891e-05,1.9294900994282216e-05,0.0,9.99999993922529e-09,0.0
435,31392,0.0001056865366990678,9.858929843176156e-05,6.319758085737703e-06,0.05979153513908386,0.00010490905697224662,8.500798867316917e-05,2.0678548025898635e-05,0.0,9.99999993922529e-09,0.0
436,31464,0.00010610790195642039,9.865735046332702e-05,5.421816240414046e-06,0.05109238252043724,0.00010407916852273047,8.207609062083066e-05,2.4031811335589737e-05,0.0,9.99999993922529e-09,0.0
437,31536,0.00010769077925942838,0.0001005243684630841,6.475346708612051e-06,0.060123492032289505,0.00010699971608119085,8.330708078574389e-05,2.438369847368449e-05,0.0,9.99999993922529e-09,0.0
128,9288,0.0003482045140117407,0.0003452453820500523,2.8162298804090824e-06,0.00808762852102518,0.0003480616142041981,0.0002858551451936364,6.234936881810427e-05,0.0,9.99999993922529e-09,0.0
438,31608,0.00010411999392090365,9.59782482823357e-05,7.150069905037526e-06,0.06866484880447388,0.00010312831727787852,8.484619320370257e-05,1.9273800717201084e-05,0.0,9.99999993922529e-09,0.0
439,31680,0.00010767597996164113,0.00010054656740976498,6.750762622687034e-06,0.06268934160470963,0.00010729733185144141,8.506895392201841e-05,2.2607026039622724e-05,0.0,9.99999993922529e-09,0.0
440,31752,0.00010493004810996354,9.765099093783647e-05,6.86428529661498e-06,0.06541149318218231,0.0001045152748702094,8.579126006225124e-05,1.9138788047712296e-05,0.0,9.99999993922529e-09,0.0
129,9360,0.00034796493127942085,0.0003438507264945656,4.384053681860678e-06,0.012598762288689613,0.0003482347819954157,0.00026964093558490276,7.832399569451809e-05,0.0,9.99999993922529e-09,0.0
441,31824,9.975713328458369e-05,9.250295261153951e-05,7.015430583123816e-06,0.0703180581331253,9.951838001143187e-05,7.981874659890309e-05,1.9938386685680598e-05,0.0,9.99999993922529e-09,0.0
442,31896,0.00010412682604510337,9.75367147475481e-05,6.828575351391919e-06,0.06557311117649078,0.00010436528827995062,8.358237391803414e-05,2.0544452127069235e-05,0.0,9.99999993922529e-09,0.0
443,31968,9.847299952525645e-05,9.145397052634507e-05,6.919844963704236e-06,0.07026436179876328,9.83738136710599e-05,8.018301741685718e-05,1.8289982108399272e-05,0.0,9.99999993922529e-09,0.0
444,32040,0.00010291271610185504,9.445434261579067e-05,7.216579433588777e-06,0.07011649012565613,0.00010167092113988474,8.104772859951481e-05,2.1864987502340227e-05,0.0,9.99999993922529e-09,0.0
130,9432,0.0003472748794592917,0.0003421898582018912,5.262513241177658e-06,0.015153302811086178,0.0003474523837212473,0.00026535108918324113,8.192379027605057e-05,0.0,9.99999993922529e-09,0.0
445,32112,0.00010673463839339092,9.756839426700026e-05,7.120554982975591e-06,0.06670644134283066,0.00010468895197845995,7.839282625354826e-05,2.834181213984266e-05,0.0,9.99999993922529e-09,0.0
446,32184,0.00011128427286166698,0.00010471420682733878,7.31189993530279e-06,0.06569880247116089,0.00011202610767213628,8.36231411085464e-05,2.766113175312057e-05,0.0,9.99999993922529e-09,0.0
447,32256,0.00011294362047920004,0.00010611222387524322,6.265752745093778e-06,0.055471908301115036,0.0001123779802583158,7.68556201364845e-05,3.608800034271553e-05,0.0,9.99999993922529e-09,0.0
131,9504,0.0003448294592089951,0.0003403844020795077,4.048494702146854e-06,0.011740230023860931,0.00034443289041519165,0.0002694559807423502,7.537347846664488e-05,0.0,9.99999993922529e-09,0.0
448,32328,9.991828119382262e-05,9.22222388908267e-05,6.447930445574457e-06,0.06452558189630508,9.867017070064321e-05,8.324611553689465e-05,1.6672165656927973e-05,0.0,9.99999993922529e-09,0.0
449,32400,0.00010060648492071778,9.626001701690257e-05,6.993012448219815e-06,0.06950166076421738,0.00010325302719138563,8.036024519242346e-05,2.0246239728294313e-05,0.0,9.99999993922529e-09,0.0
450,32472,0.00011004527914337814,0.00010320311412215233,6.6888196670333855e-06,0.06077691167593002,0.00010989193106070161,7.990517769940197e-05,3.0140101443976164e-05,0.0,9.99999993922529e-09,0.0
132,9576,0.00034568767296150327,0.00034162335214205086,4.334153345553204e-06,0.01253740955144167,0.00034595749457366765,0.0002587814524304122,8.69062205310911e-05,0.0,9.99999993922529e-09,0.0
451,32544,0.00010303071758244187,9.820594277698547e-05,6.704114639433101e-06,0.06506277620792389,0.00010491005377843976,7.718872802797705e-05,2.5841989554464817e-05,0.0,9.99999993922529e-09,0.0
452,32616,9.645028330851346e-05,8.949372568167746e-05,6.689906967949355e-06,0.06935400515794754,9.618363401386887e-05,7.77320601628162e-05,1.8718223145697266e-05,0.0,9.99999993922529e-09,0.0
453,32688,9.9301862064749e-05,9.346409933641553e-05,6.4541918618488126e-06,0.0649891346693039,9.991828846978024e-05,8.291794802062213e-05,1.6383914044126868e-05,0.0,9.99999993922529e-09,0.0
454,32760,9.646160469856113e-05,8.91593808773905e-05,6.642879270657431e-06,0.06885839253664017,9.580225741956383e-05,8.069249452091753e-05,1.5769110177643597e-05,0.0,9.99999993922529e-09,0.0
133,9648,0.00034527009120211005,0.00034054211573675275,4.3784839363070205e-06,0.01268096175044775,0.0003449206124059856,0.0002687356900423765,7.653440115973353e-05,0.0,9.99999993922529e-09,0.0
455,32832,9.854631935013458e-05,9.163265349343419e-05,7.184831247286638e-06,0.07290077209472656,9.881748701445758e-05,7.470504351658747e-05,2.3841275833547115e-05,0.0,9.99999993922529e-09,0.0
456,32904,9.881422010948882e-05,9.178344771498814e-05,7.4903718996210955e-06,0.07579490542411804,9.927382052410394e-05,7.770053343847394e-05,2.1113686671014875e-05,0.0,9.99999993922529e-09,0.0
457,32976,0.00010032614227384329,9.400323324371129e-05,6.01405008637812e-06,0.05993902310729027,0.00010001728514907882,7.463296788046136e-05,2.5693174393381923e-05,0.0,9.99999993922529e-09,0.0
134,9720,0.00034545475500635803,0.00034140131901949644,3.6419746720639523e-06,0.010542246513068676,0.0003450432850513607,0.00026141098351217806,8.404377149417996e-05,0.0,9.99999993922529e-09,0.0
458,33048,0.00010860797920031473,0.0001002112912829034,7.95923733676318e-06,0.07327734678983688,0.00010817052680067718,7.906325481599197e-05,2.9544724384322762e-05,0.0,9.99999993922529e-09,0.0
459,33120,0.00010263091826345772,9.469033102504909e-05,8.176184564945288e-06,0.079658143222332,0.00010286651377100497,7.573620678158477e-05,2.6894711481872946e-05,0.0,9.99999993922529e-09,0.0
460,33192,0.00010619127715472132,0.00010098599886987358,5.100483576825354e-06,0.04802657663822174,0.00010608648153720424,7.541300874436274e-05,3.077826841035858e-05,0.0,9.99999993922529e-09,0.0
461,33264,0.00010177254443988204,9.44645144045353e-05,7.326076229219325e-06,0.07197772711515427,0.00010179058881476521,7.412066770484671e-05,2.765187673503533e-05,0.0,9.99999993922529e-09,0.0
135,9792,0.0003438647254370153,0.0003402006987016648,3.558092885214137e-06,0.010347060859203339,0.0003437587874941528,0.00028170851874165237,6.215620669536293e-05,0.0,9.99999993922529e-09,0.0
462,33336,9.675315232016146e-05,8.667513611726463e-05,7.387221558019519e-06,0.07634333521127701,9.406235767528415e-05,7.442530477419496e-05,2.2327847545966506e-05,0.0,9.99999993922529e-09,0.0
463,33408,9.929390216711909e-05,9.243842214345932e-05,6.731813755322946e-06,0.06779002398252487,9.917023271555081e-05,7.805807399563491e-05,2.1235828171484172e-05,0.0,9.99999993922529e-09,0.0
464,33480,9.26754146348685e-05,8.373362652491778e-05,7.889464541221969e-06,0.08512088656425476,9.162309288512915e-05,7.768718205625191e-05,1.498823257861659e-05,0.0,9.99999993922529e-09,0.0
136,9864,0.000343435094691813,0.00033942199661396444,3.936214852728881e-06,0.011460972018539906,0.0003433582023717463,0.0002733251894824207,7.010990520939231e-05,0.0,9.99999993922529e-09,0.0
465,33552,9.170528210233897e-05,8.477966184727848e-05,7.008509783190675e-06,0.07641594856977463,9.178816981147975e-05,7.270075002452359e-05,1.9004532077815384e-05,0.0,9.99999993922529e-09,0.0
466,33624,9.292458707932383e-05,8.527596946805716e-05,6.728856078552781e-06,0.07240422070026398,9.200482600135729e-05,7.706901669735089e-05,1.585557038197294e-05,0.0,9.99999993922529e-09,0.0
467,33696,9.283168037654832e-05,8.508077735314146e-05,8.850686754158232e-06,0.09533096849918365,9.393146319780499e-05,7.576759526273236e-05,1.7064085113815963e-05,0.0,9.99999993922529e-09,0.0
137,9936,0.00034256221260875463,0.0003398053231649101,3.3488420285721077e-06,0.009775579907000065,0.00034315415541641414,0.00027818878879770637,6.437342381104827e-05,0.0,9.99999993922529e-09,0.0
468,33768,9.756731742527336e-05,9.381763084093109e-05,5.965084710624069e-06,0.061131879687309265,9.978271555155516e-05,7.6904812885914e-05,2.066250453935936e-05,0.0,9.99999993922529e-09,0.0
469,33840,0.00011705861106747761,0.00011056511721108109,6.9341294874902815e-06,0.05923132970929146,0.00011749925033655018,7.904151425464079e-05,3.8017096812836826e-05,0.0,9.99999993922529e-09,0.0
470,33912,0.00010419351747259498,9.568702807882801e-05,7.084205662977183e-06,0.06798432767391205,0.00010277123510604724,7.721411384409294e-05,2.697940362850204e-05,0.0,9.99999993922529e-09,0.0
471,33984,9.617784235160798e-05,9.220038919011131e-05,6.291678801062517e-06,0.06541033834218979,9.849206981016323e-05,7.432303391397e-05,2.1854808437637985e-05,0.0,9.99999993922529e-09,0.0
138,10008,0.000343073857948184,0.00033806267310865223,4.508529855229426e-06,0.013141188770532608,0.00034257120569236577,0.0002639715967234224,7.91022612247616e-05,0.0,9.99999993922529e-09,0.0
472,34056,9.705197589937598e-05,9.256129851564765e-05,7.170888238761108e-06,0.07387948036193848,9.973218402592465e-05,7.788962830090895e-05,1.9162347598467022e-05,0.0,9.99999993922529e-09,0.0
473,34128,9.243885870091617e-05,8.614202670287341e-05,7.353532510023797e-06,0.0795416310429573,9.349556057713926e-05,7.439713226631284e-05,1.8041726434603333e-05,0.0,9.99999993922529e-09,0.0
474,34200,0.00010266289609717205,9.484939073445275e-05,6.839807156211464e-06,0.0666174590587616,0.00010168919834541157,7.952299347380176e-05,2.313990262337029e-05,0.0,9.99999993922529e-09,0.0
139,10080,0.0003409488999750465,0.0003369994228705764,4.292382072890177e-06,0.012589147314429283,0.00034129180130548775,0.0002544288872741163,8.652001270093024e-05,0.0,9.99999993922529e-09,0.0
475,34272,9.919044532580301e-05,9.132350533036515e-05,6.5779186115833e-06,0.0663093701004982,9.790142212295905e-05,7.931466097943485e-05,1.9875784346368164e-05,0.0,9.99999993922529e-09,0.0
476,34344,9.007714106701314e-05,8.234782580984756e-05,6.39973131910665e-06,0.0710393488407135,8.874755440047011e-05,7.369808736257255e-05,1.6379053704440594e-05,0.0,9.99999993922529e-09,0.0
477,34416,9.361765842186287e-05,8.652736141812056e-05,7.412651484628441e-06,0.07917160540819168,9.394001244800165e-05,7.638920214958489e-05,1.722845627227798e-05,0.0,9.99999993922529e-09,0.0
478,34488,9.746143769007176e-05,9.11439856281504e-05,7.275249117810745e-06,0.07463980466127396,9.841923747444525e-05,7.863432983867824e-05,1.882710785139352e-05,0.0,9.99999993922529e-09,0.0
140,10152,0.0003398866392672062,0.0003363039577379823,3.635223038145341e-06,0.010695083066821098,0.0003399391716811806,0.0002790589933283627,6.082764593884349e-05,0.0,9.99999993922529e-09,0.0
479,34560,9.762815898284316e-05,9.004488674690947e-05,6.60812338537653e-06,0.06767972558736801,9.665301331551746e-05,7.294101669685915e-05,2.468714228598401e-05,0.0,9.99999993922529e-09,0.0
480,34632,9.371292253490537e-05,8.695981523487717e-05,5.994146704324521e-06,0.06395603716373444,9.295396012021229e-05,7.784910121699795e-05,1.5863821317907423e-05,0.0,9.99999993922529e-09,0.0
481,34704,9.415404929313809e-05,9.042340388987213e-05,4.954167707182933e-06,0.052612096071243286,9.537757432553917e-05,7.20741882105358e-05,2.2079861082602292e-05,0.0,9.99999993922529e-09,0.0
141,10224,0.0003412819642107934,0.0003367013414390385,4.4178841562825255e-06,0.01294458843767643,0.0003411192155908793,0.00026193910161964595,7.934286259114742e-05,0.0,9.99999993922529e-09,0.0
482,34776,9.704417607281357e-05,9.003277955343947e-05,7.377237125183456e-06,0.0760115385055542,9.741001849761233e-05,7.15973146725446e-05,2.5446861400268972e-05,0.0,9.99999993922529e-09,0.0
483,34848,8.974226511782035e-05,8.408601570408791e-05,6.5972617449006066e-06,0.07350524514913559,9.068327926797792e-05,7.48258171370253e-05,1.4916447980795056e-05,0.0,9.99999993922529e-09,0.0
484,34920,9.52096888795495e-05,8.564270683564246e-05,7.699435627728235e-06,0.0808597058057785,9.334213973488659e-05,7.665561861358583e-05,1.8554070265963674e-05,0.0,9.99999993922529e-09,0.0
142,10296,0.00033850723411887884,0.0003330908657517284,5.120331479702145e-06,0.015125762671232224,0.00033821118995547295,0.00026580525445751846,7.270197966136038e-05,0.0,9.99999993922529e-09,0.0
485,34992,9.418743138667196e-05,8.664948109071702e-05,6.8580566221498884e-06,0.07280513644218445,9.35075368033722e-05,7.235051452880725e-05,2.1836916857864708e-05,0.0,9.99999993922529e-09,0.0
486,35064,0.00010250436753267422,9.494978439761326e-05,6.640264928137185e-06,0.06477399170398712,0.00010159004887100309,6.97770228725858e-05,3.272734466008842e-05,0.0,9.99999993922529e-09,0.0
487,35136,8.412159513682127e-05,7.734731480013579e-05,6.67617177896318e-06,0.07935392111539841,8.402348612435162e-05,7.124916010070592e-05,1.2872435036115348e-05,0.0,9.99999993922529e-09,0.0
488,35208,9.008076449390501e-05,8.290272671729326e-05,6.836048214609036e-06,0.07587956637144089,8.973877265816554e-05,7.583508704556152e-05,1.4245677448343486e-05,0.0,9.99999993922529e-09,0.0
143,10368,0.00034015579149127007,0.0003354043001309037,3.979868324677227e-06,0.011699789203703403,0.0003393841616343707,0.00026530574541538954,7.485004607588053e-05,0.0,9.99999993922529e-09,0.0
489,35280,9.514785779174417e-05,8.851751044858247e-05,7.283038030436728e-06,0.0765363797545433,9.58005475695245e-05,7.354370609391481e-05,2.1604151697829366e-05,0.0,9.99999993922529e-09,0.0
490,35352,9.326236613560468e-05,8.624515612609684e-05,7.0942778620519675e-06,0.07605980336666107,9.333943307865411e-05,7.408700184896588e-05,1.9175364286638796e-05,0.0,9.99999993922529e-09,0.0
491,35424,8.93066608114168e-05,8.50587384775281e-05,6.219301212695427e-06,0.06963203847408295,9.127803787123412e-05,7.541154627688229e-05,1.3895114534534514e-05,0.0,9.99999993922529e-09,0.0
144,10440,0.00033863214775919914,0.00033457876997999847,4.160268872510642e-06,0.012285147793591022,0.0003387390461284667,0.00026197603438049555,7.66561133787036e-05,0.0,9.99999993922529e-09,0.0
492,35496,9.6167488663923e-05,8.932332275435328e-05,6.636297257500701e-06,0.06900052726268768,9.595962183084339e-05,7.271929644048214e-05,2.3448192223440856e-05,0.0,9.99999993922529e-09,0.0
493,35568,0.00010786762868519872,0.00010081822256324813,7.361589268839452e-06,0.06824018806219101,0.00010817981092259288,7.543568790424615e-05,3.243194078095257e-05,0.0,9.99999993922529e-09,0.0
494,35640,9.724908886710182e-05,9.079720621230081e-05,6.598452273465227e-06,0.06784407049417496,9.739565575728193e-05,7.138962246244773e-05,2.5859466404654086e-05,0.0,9.99999993922529e-09,0.0
495,35712,8.894076017895713e-05,8.420605445280671e-05,7.19295258022612e-06,0.08086443692445755,9.139900794252753e-05,7.678875408601016e-05,1.2152006092946976e-05,0.0,9.99999993922529e-09,0.0
145,10512,0.0003371433122083545,0.000333153351675719,3.92528272641357e-06,0.011642426252365112,0.0003370786434970796,0.0002608710201457143,7.627229206264019e-05,0.0,9.99999993922529e-09,0.0
496,35784,9.087407670449466e-05,8.219337178161368e-05,7.195738817245001e-06,0.07917491346597672,8.938911196310073e-05,7.418848690576851e-05,1.668558979872614e-05,0.0,9.99999993922529e-09,0.0
497,35856,8.790990978013724e-05,8.207931387005374e-05,7.068603281368269e-06,0.08039820939302444,8.914791396819055e-05,7.303762686206028e-05,1.4872282918076962e-05,0.0,9.99999993922529e-09,0.0
498,35928,8.866359712556005e-05,8.144702587742358e-05,7.062220902298577e-06,0.0796428844332695,8.850924496073276e-05,7.118968642316759e-05,1.747391070239246e-05,0.0,9.99999993922529e-09,0.0
146,10584,0.0003350724873598665,0.00032966985600069165,5.007309937354876e-06,0.01494351401925087,0.0003346771700307727,0.0002757876936811954,5.928479367867112e-05,0.0,9.99999993922529e-09,0.0
499,36000,9.431295620743185e-05,8.656084537506104e-05,7.296154763025697e-06,0.07735291123390198,9.385700104758143e-05,7.004848157521337e-05,2.426447463221848e-05,0.0,9.99999993922529e-09,0.0
147,10656,0.00033442408312112093,0.00032977783121168613,4.486862508201739e-06,0.013416282832622528,0.0003342646814417094,0.0002634531701914966,7.097091292962432e-05,0.0,9.99999993922529e-09,0.0
148,10728,0.0003362595452927053,0.0003303309204056859,5.0688327064563055e-06,0.015073718503117561,0.00033539975993335247,0.00026045218692161143,7.580735837109387e-05,0.0,9.99999993922529e-09,0.0
149,10800,0.00033584475750103593,0.00033082510344684124,4.564233222481562e-06,0.013589901849627495,0.00033538934076204896,0.000258041953202337,7.78028042986989e-05,0.0,9.99999993922529e-09,0.0
150,10872,0.0003300962271168828,0.00032657739939168096,3.33416392095387e-06,0.01010027527809143,0.0003299115633126348,0.00026685133343562484,6.324489368125796e-05,0.0,9.99999993922529e-09,0.0
151,10944,0.0003317873633932322,0.00032700708834454417,4.8094520934682805e-06,0.014495148323476315,0.00033181655453518033,0.00027360054082237184,5.8186822570860386e-05,0.0,9.99999993922529e-09,0.0
152,11016,0.0003351894556544721,0.0003294682246632874,5.500592124008108e-06,0.01640990749001503,0.0003349688195157796,0.0002683770435396582,6.681241211481392e-05,0.0,9.99999993922529e-09,0.0
153,11088,0.00032816349994391203,0.00032240411383099854,5.8117511798627675e-06,0.017709385603666306,0.0003282158577349037,0.00026799680199474096,6.0166697949171066e-05,0.0,9.99999993922529e-09,0.0
154,11160,0.00032956741051748395,0.00032433346495963633,4.853913651459152e-06,0.014727688394486904,0.0003291873726993799,0.0002627205685712397,6.684684194624424e-05,0.0,9.99999993922529e-09,0.0
155,11232,0.00033030338818207383,0.00032511839526705444,5.55628867004998e-06,0.01682126335799694,0.00033067469485104084,0.00025029756943695247,8.000581874512136e-05,0.0,9.99999993922529e-09,0.0
156,11304,0.0003293905174359679,0.00032347580417990685,6.029413270880468e-06,0.01830420084297657,0.0003295052156317979,0.00025328787160106003,7.610264583490789e-05,0.0,9.99999993922529e-09,0.0
157,11376,0.0003290083259344101,0.0003236881457269192,6.8061235651839525e-06,0.020686153322458267,0.00033049428020603955,0.00026890021399594843,6.010811193846166e-05,0.0,9.99999993922529e-09,0.0
158,11448,0.00033036686363629997,0.00032392374123446643,5.310831966198748e-06,0.016075070947408676,0.00032923457911238074,0.0002551864890847355,7.518037455156446e-05,0.0,9.99999993922529e-09,0.0
159,11520,0.0003267425927333534,0.00032161251874640584,5.538252480619121e-06,0.016949376091361046,0.00032715077395550907,0.00025166370323859155,7.507888949476182e-05,0.0,9.99999993922529e-09,0.0
160,11592,0.0003247233107686043,0.0003189862472936511,5.127793883730192e-06,0.0157907847315073,0.000324114051181823,0.00026172830257564783,6.299500819295645e-05,0.0,9.99999993922529e-09,0.0
161,11664,0.00032646721228957176,0.00032108279992826283,5.285587121761637e-06,0.016189757734537125,0.0003263683756813407,0.0002508939360268414,7.557327626273036e-05,0.0,9.99999993922529e-09,0.0
162,11736,0.0003279056982137263,0.0003248215653002262,2.8297226890572347e-06,0.008629420772194862,0.00032765130163170397,0.0002636174322105944,6.428826600313187e-05,0.0,9.99999993922529e-09,0.0
163,11808,0.00032673892565071583,0.00032092409674078226,5.399255769589217e-06,0.016524173319339752,0.00032632335205562413,0.00024339572701137513,8.33431986393407e-05,0.0,9.99999993922529e-09,0.0
164,11880,0.0003215572505723685,0.0003171242424286902,4.16079637943767e-06,0.012939116917550564,0.00032128504244610667,0.0002481169649399817,7.34402856323868e-05,0.0,9.99999993922529e-09,0.0
165,11952,0.0003221241931896657,0.00031814753310754895,4.121477104490623e-06,0.012794286012649536,0.0003222690138500184,0.0002479798858985305,7.414430729113519e-05,0.0,9.99999993922529e-09,0.0
166,12024,0.0003215830074623227,0.0003173603327013552,4.358232217782643e-06,0.013552010990679264,0.0003217185731045902,0.00024585294886492193,7.573005859740078e-05,0.0,9.99999993922529e-09,0.0
167,12096,0.0003193981829099357,0.0003147463721688837,4.401808837428689e-06,0.013781139627099037,0.00031914818100631237,0.0002575168327894062,6.188135012052953e-05,0.0,9.99999993922529e-09,0.0
168,12168,0.0003173690056428313,0.0003115920117124915,5.045178113505244e-06,0.015896381810307503,0.00031663718982599676,0.00025770411593839526,5.9664889704436064e-05,0.0,9.99999993922529e-09,0.0
169,12240,0.0003209104179404676,0.0003166789829265326,4.883467227045912e-06,0.015217065811157227,0.00032156246015802026,0.0002472221094649285,7.368830847553909e-05,0.0,9.99999993922529e-09,0.0
170,12312,0.0003205762477591634,0.00031542961369268596,4.723991423816187e-06,0.014735477045178413,0.0003201536019332707,0.0002406219282420352,7.995431951712817e-05,0.0,9.99999993922529e-09,0.0
171,12384,0.0003166517708450556,0.0003098367596976459,5.756676728196908e-06,0.018179260194301605,0.0003155934391543269,0.00023586492170579731,8.078684913925827e-05,0.0,9.99999993922529e-09,0.0
172,12456,0.00031812689849175513,0.00031185231637209654,5.106304342916701e-06,0.01605064980685711,0.0003169586125295609,0.0002553899248596281,6.273697363212705e-05,0.0,9.99999993922529e-09,0.0
173,12528,0.00031587196281179786,0.0003109617973677814,4.662590981752146e-06,0.014760548248887062,0.0003156243765261024,0.0002450804749969393,7.079148781485856e-05,0.0,9.99999993922529e-09,0.0
174,12600,0.0003154114237986505,0.00030970608349889517,5.818738827656489e-06,0.018447505310177803,0.00031552481232210994,0.00024542532628402114,6.998609751462936e-05,0.0,9.99999993922529e-09,0.0
175,12672,0.0003080138994846493,0.0003025023906957358,5.117786713526584e-06,0.016614900901913643,0.0003076201828662306,0.00023317729937843978,7.483660010620952e-05,0.0,9.99999993922529e-09,0.0
176,12744,0.00031386400223709643,0.0003094130661338568,4.874773367191665e-06,0.01553098764270544,0.00031428784132003784,0.00024381186813116074,7.005213410593569e-05,0.0,9.99999993922529e-09,0.0
177,12816,0.000314789533149451,0.00030930619686841965,5.344003511709161e-06,0.016975892707705498,0.00031465021311305463,0.0002485012519173324,6.62882812321186e-05,0.0,9.99999993922529e-09,0.0
178,12888,0.0003097847511526197,0.00030410272302106023,5.561963916989043e-06,0.01795370504260063,0.0003096646978519857,0.00025240774266421795,5.737700848840177e-05,0.0,9.99999993922529e-09,0.0
